-- phpMyAdmin SQL Dump
-- version 4.9.1
-- https://www.phpmyadmin.net/
--
-- ホスト: localhost
-- 生成日時: 2020 年 2 月 17 日 14:01
-- サーバのバージョン： 8.0.17
-- PHP のバージョン: 7.2.11

SET SQL_MODE = "NO_AUTO_VALUE_ON_ZERO";
SET AUTOCOMMIT = 0;
START TRANSACTION;
SET time_zone = "+00:00";


/*!40101 SET @OLD_CHARACTER_SET_CLIENT=@@CHARACTER_SET_CLIENT */;
/*!40101 SET @OLD_CHARACTER_SET_RESULTS=@@CHARACTER_SET_RESULTS */;
/*!40101 SET @OLD_COLLATION_CONNECTION=@@COLLATION_CONNECTION */;
/*!40101 SET NAMES utf8mb4 */;

--
-- データベース: `g031o120`
--

-- --------------------------------------------------------

--
-- テーブルの構造 `badge`
--

CREATE TABLE `badge` (
  `userID` int(11) NOT NULL,
  `badge1` int(2) DEFAULT NULL,
  `badge2` int(2) DEFAULT NULL,
  `badge3` int(2) DEFAULT NULL,
  `badge4` int(2) DEFAULT NULL,
  `badge5` int(2) DEFAULT NULL,
  `badge6` int(2) DEFAULT NULL,
  `badge7` int(2) DEFAULT NULL,
  `badge8` int(2) DEFAULT NULL,
  `badge9` int(2) DEFAULT NULL,
  `badge10` int(2) DEFAULT NULL
) ENGINE=InnoDB DEFAULT CHARSET=utf8;

--
-- テーブルのデータのダンプ `badge`
--

INSERT INTO `badge` (`userID`, `badge1`, `badge2`, `badge3`, `badge4`, `badge5`, `badge6`, `badge7`, `badge8`, `badge9`, `badge10`) VALUES
(1, 1, 1, 1, 1, 1, 1, 1, 1, 1, 1),
(2, 1, 1, NULL, NULL, NULL, NULL, NULL, NULL, NULL, NULL),
(3, 1, 1, NULL, NULL, NULL, NULL, NULL, NULL, NULL, NULL),
(4, 1, NULL, NULL, NULL, NULL, NULL, NULL, NULL, NULL, NULL),
(5, 1, NULL, NULL, NULL, NULL, NULL, NULL, NULL, NULL, NULL),
(6, 1, NULL, NULL, NULL, NULL, NULL, NULL, NULL, NULL, NULL),
(7, 1, NULL, NULL, NULL, NULL, NULL, NULL, NULL, NULL, NULL),
(8, 1, 1, 1, 1, NULL, NULL, 1, 1, NULL, NULL),
(9, 1, 1, 1, NULL, NULL, NULL, 1, NULL, NULL, NULL);

-- --------------------------------------------------------

--
-- テーブルの構造 `community`
--

CREATE TABLE `community` (
  `communityID` int(11) NOT NULL,
  `name` varchar(30) NOT NULL,
  `adminID` int(11) NOT NULL,
  `overview` varchar(255) DEFAULT NULL,
  `point` varchar(255) DEFAULT NULL,
  `tag` varchar(255) DEFAULT NULL,
  `policy` varchar(255) DEFAULT NULL
) ENGINE=InnoDB DEFAULT CHARSET=utf8;

--
-- テーブルのデータのダンプ `community`
--

INSERT INTO `community` (`communityID`, `name`, `adminID`, `overview`, `point`, `tag`, `policy`) VALUES
(3, 'テストコミュニティ', 1, 'テスト用のコミュニティ', '37.85750715625203,140.55908203125003', 'テスト', 'テスト'),
(4, '【学生評価】岩手県における降雪調査', 2, '岩手県内での冠雪調査（学生評価テスト）です。', '39.8031292311893,141.13642215728763', '岩手県,雪', '特になし'),
(5, 'いきもの探偵隊', 1, '滝沢市を中心に外来生物調査を行っています。', '39.80261819969167,141.13615393638614', '外来生物調査,滝沢市,オオハンゴンソウ,アレチウリ', '本コミュニティでは本人の許可なくメンバーを除名することがあります。'),
(6, 'エコプロ用コミュニティ', 8, '', '35.63139563209972,139.7979722613586', 'エコプロ', 'エコプロ用'),
(7, 'キャラクターを見つけよう！', 8, 'エコプロ内でキャラクターを見つけて報告する', '35.51210746747797,139.5030212402344', 'キャラクター', 'キャラクター探してね');

-- --------------------------------------------------------

--
-- テーブルの構造 `community_member`
--

CREATE TABLE `community_member` (
  `communityID` int(11) NOT NULL,
  `userID` int(11) NOT NULL,
  `userRole` varchar(30) NOT NULL,
  `date` varchar(10) NOT NULL
) ENGINE=InnoDB DEFAULT CHARSET=utf8;

--
-- テーブルのデータのダンプ `community_member`
--

INSERT INTO `community_member` (`communityID`, `userID`, `userRole`, `date`) VALUES
(3, 1, 'admin', '2019/11/13'),
(4, 2, 'admin', '2019/11/20'),
(4, 1, 'general', '2019/11/21'),
(4, 3, 'general', '2019/11/22'),
(5, 1, 'admin', '2019/12/03'),
(6, 8, 'admin', '2019/12/05'),
(6, 9, 'general', '2019/12/05'),
(7, 8, 'admin', '2019/12/07');

-- --------------------------------------------------------

--
-- テーブルの構造 `report`
--

CREATE TABLE `report` (
  `reportID` int(11) NOT NULL,
  `researchID` int(11) NOT NULL,
  `userID` int(11) NOT NULL,
  `lng` double NOT NULL,
  `lat` double NOT NULL,
  `date` varchar(20) NOT NULL,
  `number` int(11) NOT NULL,
  `private` int(1) NOT NULL
) ENGINE=InnoDB DEFAULT CHARSET=utf8;

--
-- テーブルのデータのダンプ `report`
--

INSERT INTO `report` (`reportID`, `researchID`, `userID`, `lng`, `lat`, `date`, `number`, `private`) VALUES
(1, 1, 1, 141.317, 39.776, '2019/11/18 18:32:48', 1, 1),
(2, 1, 0, 141.9567104, 39.619788799999995, '2019/11/19 22:21:13', 1, -1),
(3, 2, 3, 141.14177790577577, 39.79906722652601, '2019/11/22 19:43:58', 200, 1),
(4, 2, 3, 141.14179306504533, 39.79904185760454, '2019/11/22 19:47:38', 200, 1),
(5, 2, 0, 141.13671623090178, 39.8031145041984, '2019/11/26 16:32:19', 96, 1),
(6, 2, 0, 141.13672089502884, 39.80313036848244, '2019/11/26 16:33:59', 128, 1),
(7, 1, 1, 141.1497, 39.708, '2019/11/29 14:19:02', 23, -1),
(8, 1, 1, 141.1497, 39.708, '2019/11/29 14:19:34', 9, -1),
(9, 1, 1, 141.1497, 39.708, '2019/11/29 14:21:43', 19, -1),
(10, 1, 1, 141.1497, 39.708, '2019/11/29 14:23:58', 1, -1),
(11, 1, 1, 141.1497, 39.708, '2019/11/29 14:26:52', 54, -1),
(12, 1, 1, 141.144, 39.6828, '2019/09/06 06:12:56', 147, 1),
(86, 3, 1, 141.161901, 39.792283, '2014/06/09 06:11:48', 10, 1),
(88, 3, 1, 141.07267, 39.743932, '2014/06/14 09:03:44', 10, 1),
(90, 3, 1, 141.074887, 39.739053, '2014/06/14 10:14:56', 10, 1),
(91, 3, 1, 141.076018, 39.736886, '2014/06/14 10:24:11', 10, 1),
(92, 3, 1, 141.077649, 39.735717, '2014/06/14 10:30:50', 10, 1),
(93, 3, 1, 141.075633, 39.734449, '2014/06/14 10:41:04', 10, 1),
(94, 3, 1, 141.075416, 39.734423, '2014/06/14 10:59:27', 10, 1),
(95, 3, 1, 141.075065, 39.735324, '2014/06/14 11:06:40', 10, 1),
(106, 3, 1, 141.140187, 39.798914, '2014/06/23 14:46:19', 10, 1),
(108, 3, 1, 141.078677, 39.744892, '2014/06/27 14:32:42', 10, 1),
(109, 3, 1, 141.072779, 39.750115, '2014/06/27 14:36:52', 10, 1),
(110, 3, 1, 141.07354, 39.741944, '2014/06/27 14:41:54', 10, 1),
(112, 3, 1, 141.137368, 39.800812, '2014/07/02 15:24:52', 10, 1),
(113, 3, 1, 141.137698, 39.80064, '2014/07/02 15:28:04', 10, 1),
(114, 3, 1, 141.137134, 39.801048, '2014/07/02 15:32:35', 10, 1),
(115, 3, 1, 141.145469, 39.798085, '2014/07/03 07:19:12', 10, 1),
(116, 3, 1, 141.147392, 39.795509, '2014/07/03 07:21:28', 10, 1),
(117, 3, 1, 140.980991, 39.908808, '2014/07/05 07:58:48', 10, 1),
(118, 3, 1, 141.167187, 39.747831, '2014/07/14 18:16:10', 10, 1),
(119, 3, 1, 141.159147, 39.793893, '2014/07/17 09:04:14', 10, 1),
(121, 3, 1, 141.083665, 39.814255, '2014/07/17 18:17:20', 10, 1),
(122, 3, 1, 141.032721, 39.795128, '2014/07/17 18:31:17', 10, 1),
(123, 3, 1, 141.144562, 39.799633, '2014/07/18 16:29:48', 10, 1),
(124, 3, 1, 141.142403, 39.799598, '2014/07/18 17:04:33', 10, 1),
(125, 3, 1, 141.141342, 39.800116, '2014/07/18 17:16:09', 10, 1),
(126, 3, 1, 141.141254, 39.800271, '2014/07/18 17:20:21', 10, 1),
(128, 3, 1, 141.147427, 39.798278, '2014/07/25 15:05:20', 10, 1),
(129, 3, 1, 141.061565, 39.947127, '2014/07/26 13:52:42', 10, 1),
(130, 3, 1, 141.170049, 39.846499, '2014/07/26 14:55:04', 10, 1),
(132, 3, 1, 141.033796, 39.795462, '2014/07/29 13:23:07', 10, 1),
(133, 3, 1, 141.056675, 39.753645, '2014/07/29 14:31:34', 10, 1),
(134, 3, 1, 141.066731, 39.753661, '2014/07/29 14:35:36', 10, 1),
(135, 3, 1, 141.072936, 39.742033, '2014/07/29 14:42:48', 10, 1),
(136, 3, 1, 141.072836, 39.750116, '2014/07/29 14:45:15', 10, 1),
(137, 3, 1, 141.068244, 39.752502, '2014/07/29 16:19:48', 10, 1),
(138, 3, 1, 141.04715, 39.757557, '2014/07/29 16:25:53', 10, 1),
(139, 3, 1, 141.04711, 39.755615, '2014/07/29 16:28:48', 10, 1),
(141, 3, 1, 141.031073, 39.79382, '2014/07/29 16:45:58', 10, 1),
(142, 3, 1, 141.031845, 39.794532, '2014/07/29 16:50:48', 10, 1),
(143, 3, 1, 141.032373, 39.79494, '2014/07/29 16:55:46', 10, 1),
(144, 3, 1, 141.032621, 39.795114, '2014/07/29 17:03:08', 10, 1),
(145, 3, 1, 141.069382, 39.812688, '2014/07/29 17:07:06', 10, 1),
(146, 3, 1, 141.087961, 39.814941, '2014/07/29 17:12:10', 10, 1),
(147, 3, 1, 141.143061, 39.778763, '2014/08/01 13:02:21', 10, 1),
(148, 3, 1, 140.978221, 39.895814, '2014/08/09 07:38:46', 10, 1),
(149, 3, 1, 140.981986, 39.895987, '2014/08/09 07:44:12', 10, 1),
(153, 3, 1, 141.110015, 38.990285, '2014/08/13 14:42:14', 10, 1),
(154, 3, 1, 141.135405, 39.771916, '2014/08/13 16:58:15', 10, 1),
(157, 3, 1, 141.096444, 39.730441, '2014/08/16 10:22:49', 10, 1),
(158, 3, 1, 141.033349, 39.796179, '2014/08/16 14:36:00', 10, 1),
(159, 3, 1, 141.03259, 39.795158, '2014/08/16 14:41:22', 10, 1),
(160, 3, 1, 141.032522, 39.7951, '2014/08/16 14:48:42', 10, 1),
(161, 3, 1, 141.118943, 39.809104, '2014/08/16 16:48:11', 10, 1),
(162, 3, 1, 141.03257, 39.795089, '2014/08/17 14:50:48', 10, 1),
(163, 3, 1, 141.140562, 39.780485, '2014/08/18 12:00:17', 10, 1),
(164, 3, 1, 141.131285, 39.699588, '2014/08/21 15:05:23', 10, 1),
(167, 3, 1, 141.157247, 39.789611, '2014/08/26 13:57:10', 10, 1),
(168, 3, 1, 141.148423, 39.796053, '2014/08/26 14:00:10', 10, 1),
(169, 3, 1, 141.147676, 39.801838, '2014/08/26 14:02:25', 10, 1),
(170, 3, 1, 141.157928, 39.795999, '2014/08/26 14:23:48', 10, 1),
(171, 3, 1, 141.149772, 39.795988, '2014/08/26 14:48:13', 10, 1),
(172, 3, 1, 141.138062, 39.809818, '2014/08/26 14:57:43', 10, 1),
(173, 3, 1, 141.122829, 39.818062, '2014/08/26 15:02:44', 10, 1),
(174, 3, 1, 141.14788, 39.826012, '2014/08/26 15:06:26', 10, 1),
(175, 3, 1, 141.150462, 39.834408, '2014/08/26 15:13:54', 10, 1),
(176, 3, 1, 141.064472, 39.816135, '2014/08/26 16:20:58', 10, 1),
(177, 3, 1, 141.073678, 39.817923, '2014/08/26 16:24:46', 10, 1),
(178, 3, 1, 141.070899, 39.819344, '2014/08/26 16:28:57', 10, 1),
(179, 3, 1, 141.093845, 39.814805, '2014/08/26 16:43:27', 10, 1),
(180, 3, 1, 141.103874, 39.805843, '2014/08/26 16:52:53', 10, 1),
(181, 3, 1, 141.068903, 39.813902, '2014/08/26 16:58:05', 10, 1),
(182, 3, 1, 141.065646, 39.815053, '2014/08/26 17:01:58', 10, 1),
(183, 3, 1, 141.054979, 39.821674, '2014/08/26 17:12:22', 10, 1),
(184, 3, 1, 141.104784, 39.804629, '2014/08/26 17:38:24', 10, 1),
(185, 3, 1, 141.141625, 39.777234, '2014/08/26 18:04:00', 10, 1),
(186, 3, 1, 141.10545, 39.850022, '2014/08/27 10:34:32', 10, 1),
(187, 3, 1, 141.102895, 39.851988, '2014/08/27 10:45:25', 10, 1),
(188, 3, 1, 141.107301, 39.850828, '2014/08/27 10:51:43', 10, 1),
(189, 3, 1, 141.103849, 39.85184, '2014/08/27 10:56:02', 10, 1),
(190, 3, 1, 141.09355, 39.837805, '2014/08/27 11:09:45', 10, 1),
(191, 3, 1, 141.10055, 39.822117, '2014/08/27 11:31:24', 10, 1),
(192, 3, 1, 141.134315, 39.820174, '2014/08/27 14:21:16', 10, 1),
(193, 3, 1, 141.131325, 39.815744, '2014/08/27 14:26:42', 10, 1),
(194, 3, 1, 141.118443, 39.826897, '2014/08/27 15:01:02', 10, 1),
(195, 3, 1, 141.099679, 39.820415, '2014/08/27 15:17:02', 10, 1),
(196, 3, 1, 141.086458, 39.799353, '2014/08/27 15:35:51', 10, 1),
(197, 3, 1, 141.088829, 39.798853, '2014/08/27 15:39:44', 10, 1),
(198, 3, 1, 141.090155, 39.797679, '2014/08/27 15:44:58', 10, 1),
(199, 3, 1, 141.088566, 39.793685, '2014/08/27 15:51:24', 10, 1),
(200, 3, 1, 141.087864, 39.793526, '2014/08/27 15:56:47', 10, 1),
(201, 3, 1, 141.080454, 39.797074, '2014/08/27 16:00:11', 10, 1),
(202, 3, 1, 141.087731, 39.793702, '2014/08/27 16:07:40', 10, 1),
(203, 3, 1, 141.069608, 39.807901, '2014/08/27 16:11:19', 10, 1),
(204, 3, 1, 141.067578, 39.809322, '2014/08/27 16:16:37', 10, 1),
(205, 3, 1, 141.101166, 39.803977, '2014/08/27 16:24:52', 10, 1),
(206, 3, 1, 141.087468, 39.794356, '2014/08/27 16:30:57', 10, 1),
(207, 3, 1, 141.076459, 39.817691, '2014/08/27 16:43:23', 10, 1),
(209, 3, 1, 141.032833, 39.795212, '2014/08/27 16:59:40', 10, 1),
(210, 3, 1, 141.019538, 39.798613, '2014/08/27 17:16:03', 10, 1),
(212, 3, 1, 141.144233, 39.805566, '2014/08/29 16:53:32', 10, 1),
(213, 3, 1, 141.142386, 39.806886, '2014/08/29 17:12:44', 10, 1),
(214, 3, 1, 141.153459, 39.806027, '2014/08/29 17:20:11', 10, 1),
(215, 3, 1, 141.153459, 39.806027, '2014/08/29 17:24:19', 10, 1),
(216, 3, 1, 141.14026, 39.713699, '2014/08/30 16:14:09', 10, 1),
(217, 3, 1, 141.100215, 39.742504, '2014/08/31 11:27:48', 10, 1),
(218, 3, 1, 141.101676, 39.745556, '2014/08/31 11:34:10', 10, 1),
(219, 3, 1, 141.085726, 39.736491, '2014/08/31 12:13:35', 10, 1),
(220, 3, 1, 141.109058, 39.758819, '2014/08/31 12:38:37', 10, 1),
(221, 3, 1, 141.11395, 39.773934, '2014/08/31 12:46:23', 10, 1),
(222, 3, 1, 141.107695, 39.785452, '2014/08/31 12:58:38', 10, 1),
(223, 3, 1, 141.099277, 39.775039, '2014/08/31 13:49:56', 10, 1),
(224, 3, 1, 141.098911, 39.775235, '2014/08/31 13:51:56', 10, 1),
(225, 3, 1, 141.073476, 39.742037, '2014/08/31 15:27:30', 10, 1),
(226, 3, 1, 141.072214, 39.744009, '2014/08/31 15:41:53', 10, 1),
(227, 3, 1, 141.057043, 39.69434, '2014/08/31 16:27:14', 10, 1),
(228, 3, 1, 141.13864, 39.772015, '2014/08/31 17:42:54', 10, 1),
(229, 3, 1, 141.145946, 39.773413, '2014/08/31 17:53:21', 10, 1),
(230, 3, 1, 141.162396, 39.770643, '2014/08/31 18:16:05', 10, 1),
(231, 3, 1, 141.147964, 39.789842, '2014/09/02 14:15:51', 10, 1),
(232, 3, 1, 141.131366, 39.78878, '2014/09/02 14:29:47', 10, 1),
(233, 3, 1, 141.128548, 39.784735, '2014/09/02 14:38:14', 10, 1),
(234, 3, 1, 141.148831, 39.69799, '2014/09/02 17:42:05', 10, 1),
(235, 3, 1, 141.098398, 39.802021, '2014/09/03 09:27:35', 10, 1),
(236, 3, 1, 141.105951, 39.748087, '2014/09/03 10:40:58', 10, 1),
(237, 3, 1, 141.020425, 39.716043, '2014/09/03 11:15:06', 10, 1),
(238, 3, 1, 141.019708, 39.716211, '2014/09/03 11:18:28', 10, 1),
(239, 3, 1, 141.014524, 39.723588, '2014/09/03 11:45:59', 10, 1),
(240, 3, 1, 141.017993, 39.711358, '2014/09/03 11:49:55', 10, 1),
(241, 3, 1, 141.000259, 39.710823, '2014/09/03 12:52:32', 10, 1),
(242, 3, 1, 141.073515, 39.721177, '2014/09/04 10:28:48', 10, 1),
(243, 3, 1, 141.095984, 39.756368, '2014/09/05 10:46:17', 10, 1),
(244, 3, 1, 141.009125, 39.779283, '2014/09/07 08:54:29', 10, 1),
(245, 3, 1, 141.140812, 39.800313, '2014/09/14 11:39:09', 10, 1),
(246, 3, 1, 141.4208745, 40.1993189, '2014/09/15 09:00:45', 10, 1),
(247, 3, 1, 141.635973, 40.480967, '2014/09/15 10:49:07', 10, 1),
(248, 3, 1, 141.139944, 39.702574, '2014/09/20 13:01:39', 10, 1),
(249, 3, 1, 141.113419, 39.726152, '2014/09/21 12:56:40', 10, 1),
(250, 3, 1, 139.685166, 35.561217, '2014/09/21 16:03:54', 10, 1),
(254, 3, 1, 141.072971, 39.745285, '2015/06/13 08:39:52', 10, 1),
(255, 3, 1, 141.077395, 39.736981, '2015/06/13 10:08:12', 10, 1),
(256, 3, 1, 141.075363, 39.736457, '2015/06/13 10:14:08', 10, 1),
(257, 3, 1, 141.076413, 39.736544, '2015/06/13 10:27:15', 10, 1),
(258, 3, 1, 141.076235, 39.736354, '2015/06/13 10:32:57', 10, 1),
(259, 3, 1, 141.075498, 39.734513, '2015/06/13 10:42:20', 10, 1),
(261, 3, 1, 141.117593, 39.75489, '2015/06/21 12:12:58', 10, 1),
(262, 3, 1, 141.115128, 39.751984, '2015/06/21 12:39:40', 10, 1),
(263, 3, 1, 141.115726, 39.75174, '2015/06/21 12:41:30', 10, 1),
(264, 3, 1, 141.115612, 39.751052, '2015/07/03 12:01:20', 10, 1),
(265, 3, 1, 141.11504, 39.758161, '2015/07/03 12:16:21', 10, 1),
(280, 3, 1, 141.115614, 39.75198, '2015/07/11 09:07:58', 10, 1),
(284, 3, 1, 141.132332, 39.702883, '2015/07/17 11:56:13', 10, 1),
(285, 3, 1, 141.936531, 39.650208, '2015/07/19 12:40:31', 10, 1),
(286, 3, 1, 141.13957, 39.79927, '2015/07/26 08:35:33', 10, 1),
(292, 3, 1, 141.144212, 39.799082, '2015/07/31 16:10:23', 10, 1),
(293, 3, 1, 141.142475, 39.799881, '2015/07/31 16:16:52', 10, 1),
(294, 3, 1, 141.142475, 39.799881, '2015/07/31 16:23:29', 10, 1),
(296, 3, 1, 141.144507, 39.79988, '2015/07/31 16:26:07', 10, 1),
(297, 3, 1, 141.131159, 39.699637, '2015/08/01 09:37:26', 10, 1),
(300, 3, 1, 141.159825, 39.793678, '2015/08/02 09:07:36', 10, 1),
(301, 3, 1, 141.159379, 39.793854, '2015/08/02 09:11:38', 10, 1),
(302, 3, 1, 141.03441, 39.799192, '2015/08/02 11:31:59', 10, 1),
(303, 3, 1, 141.03425, 39.795072, '2015/08/02 11:39:41', 10, 1),
(304, 3, 1, 141.034993, 39.799171, '2015/08/02 11:54:05', 10, 1),
(305, 3, 1, 141.034782, 39.799067, '2015/08/02 11:58:05', 10, 1),
(306, 3, 1, 141.034782, 39.799067, '2015/08/02 13:20:38', 10, 1),
(307, 3, 1, 141.011521, 39.80544, '2015/08/02 12:37:57', 10, 1),
(308, 3, 1, 141.013575, 39.801073, '2015/08/02 14:21:20', 10, 1),
(309, 3, 1, 141.031444, 39.79411, '2015/08/02 14:31:14', 10, 1),
(310, 3, 1, 141.035357, 39.795949, '2015/08/02 14:40:47', 10, 1),
(311, 3, 1, 141.039936, 39.796766, '2015/08/02 14:58:35', 10, 1),
(312, 3, 1, 141.069185, 39.810884, '2015/08/02 15:05:07', 10, 1),
(314, 3, 1, 141.133084, 39.698685, '2015/08/04 16:58:27', 10, 1),
(315, 3, 1, 141.155698, 39.703494, '2015/08/05 08:09:48', 10, 1),
(317, 3, 1, 141.043724, 39.969953, '2015/08/08 09:59:11', 10, 1),
(318, 3, 1, 140.979663, 39.695235, '2015/08/08 10:05:08', 10, 1),
(319, 3, 1, 141.053888, 39.92545, '2015/08/08 10:45:53', 10, 1),
(320, 3, 1, 141.011213, 39.916454, '2015/08/08 11:21:12', 10, 1),
(322, 3, 1, 141.136349, 39.777111, '2015/08/08 12:16:01', 10, 1),
(323, 3, 1, 141.133079, 39.778557, '2015/08/08 12:23:24', 10, 1),
(324, 3, 1, 141.140396, 39.782593, '2015/08/08 12:31:04', 10, 1),
(325, 3, 1, 141.059125, 39.700649, '2015/08/08 12:38:25', 10, 1),
(326, 3, 1, 141.129596, 39.785603, '2015/08/08 12:38:49', 10, 1),
(327, 3, 1, 141.127834, 39.785506, '2015/08/08 12:44:08', 10, 1),
(328, 3, 1, 141.103977, 39.749491, '2015/08/09 11:17:23', 10, 1),
(329, 3, 1, 141.103977, 39.749491, '2015/08/09 11:22:18', 10, 1),
(330, 3, 1, 141.103977, 39.749491, '2015/08/09 11:24:29', 10, 1),
(331, 3, 1, 141.107421, 39.761558, '2015/08/09 11:35:45', 10, 1),
(332, 3, 1, 141.107421, 39.761558, '2015/08/09 11:36:08', 10, 1),
(333, 3, 1, 141.104858, 39.768183, '2015/08/09 11:41:09', 10, 1),
(334, 3, 1, 141.109057, 39.767157, '2015/08/09 11:46:25', 10, 1),
(335, 3, 1, 141.111081, 39.779824, '2015/08/09 12:00:03', 10, 1),
(336, 3, 1, 141.119767, 39.776253, '2015/08/09 12:10:44', 10, 1),
(337, 3, 1, 141.113164, 39.786333, '2015/08/09 12:19:48', 10, 1),
(338, 3, 1, 141.08203, 39.82363, '2015/08/11 11:19:32', 10, 1),
(339, 3, 1, 141.114804, 39.838113, '2015/08/11 12:13:23', 10, 1),
(340, 3, 1, 141.143162, 39.810084, '2015/08/11 13:02:45', 10, 1),
(341, 3, 1, 141.149084, 39.827023, '2015/08/11 13:10:33', 10, 1),
(342, 3, 1, 141.147706, 39.804072, '2015/08/11 13:19:57', 10, 1),
(343, 3, 1, 141.157897, 39.806551, '2015/08/11 13:30:34', 10, 1),
(344, 3, 1, 141.109404, 39.779929, '2015/08/12 07:56:15', 10, 1),
(345, 3, 1, 141.082347, 39.794803, '2015/08/12 08:19:48', 10, 1),
(346, 3, 1, 141.080027, 39.801901, '2015/08/12 08:41:47', 10, 1),
(347, 3, 1, 141.092315, 39.797012, '2015/08/12 09:06:16', 10, 1),
(348, 3, 1, 141.048907, 39.827542, '2015/08/12 09:52:04', 10, 1),
(349, 3, 1, 141.035124, 39.777621, '2015/08/12 11:14:48', 10, 1),
(350, 3, 1, 141.018117, 39.775904, '2015/08/12 12:42:35', 10, 1),
(351, 3, 1, 141.509816, 40.079928, '2015/08/13 13:55:08', 10, 1),
(352, 3, 1, 141.148479, 39.7836, '2015/08/13 16:55:23', 10, 1),
(353, 3, 1, 141.094697, 39.757516, '2015/08/16 08:34:44', 10, 1),
(355, 3, 1, 141.111314, 39.758854, '2015/08/17 10:57:39', 10, 1),
(356, 3, 1, 141.141809, 39.780266, '2015/08/17 18:08:12', 10, 1),
(360, 3, 1, 141.133127, 39.699387, '2015/09/03 10:13:58', 10, 1),
(364, 3, 1, 139.01687, 35.955565, '2015/09/10 17:46:38', 10, 1),
(366, 3, 1, 139.085454, 35.99257, '2015/09/14 08:38:00', 10, 1),
(367, 3, 1, 139.07988, 35.983815, '2015/09/14 17:25:33', 10, 1),
(372, 3, 1, 141.151518, 39.69885, '2015/09/28 12:18:04', 10, 1),
(378, 3, 1, 141.10873, 39.337523, '2016/07/30 12:47:18', 10, 1),
(379, 3, 1, 141.133296, 39.43754, '2016/07/30 14:11:20', 10, 1),
(380, 3, 1, 141.134565, 39.723002, '2016/07/31 07:12:07', 10, 1),
(381, 3, 1, 141.033454, 39.795696, '2016/08/06 09:18:55', 10, 1),
(382, 3, 1, 141.033455, 39.795697, '2016/08/06 11:24:04', 10, 1),
(383, 3, 1, 141.030984, 39.793993, '2016/08/06 13:59:55', 10, 1),
(384, 3, 1, 141.030556, 39.793831, '2016/08/06 14:04:01', 10, 1),
(385, 3, 1, 141.154448, 39.7006, '2016/08/06 18:29:13', 10, 1),
(386, 3, 1, 141.185468, 39.191635, '2016/08/13 17:47:10', 10, 1),
(387, 3, 1, 141.130567, 39.699024, '2016/08/21 16:44:00', 10, 1),
(388, 3, 1, 141.113499, 39.752706, '2016/08/22 06:27:03', 10, 1),
(389, 3, 1, 141.059547, 39.753275, '2016/08/22 06:45:16', 10, 1),
(390, 3, 1, 141.067992, 39.736923, '2016/08/22 07:02:44', 10, 1),
(391, 3, 1, 141.084872, 39.694215, '2016/08/22 07:22:43', 10, 1),
(392, 3, 1, 141.086696, 39.712679, '2016/08/22 07:43:36', 10, 1),
(393, 3, 1, 141.0418, 39.723214, '2016/08/22 07:46:05', 10, 1),
(394, 3, 1, 141.043855, 39.69661, '2016/08/22 08:32:27', 10, 1),
(395, 3, 1, 141.062715, 39.707256, '2016/08/22 09:01:34', 10, 1),
(396, 3, 1, 140.951388, 39.999364, '2016/08/23 09:56:52', 10, 1),
(397, 3, 1, 140.968821, 40.015099, '2016/08/23 14:35:42', 10, 1),
(398, 3, 1, 141.101796, 39.855184, '2016/08/29 08:44:04', 10, 1),
(399, 3, 1, 141.102614, 39.824781, '2016/08/29 09:16:03', 10, 1),
(400, 3, 1, 141.111916, 39.749525, '2016/09/02 11:08:58', 10, 1),
(401, 3, 1, 141.112383, 39.749716, '2016/09/17 10:51:31', 10, 1),
(402, 3, 1, 140.98668264238256, 39.90994932133696, '2017/07/29 15:43:45', 10, 1),
(403, 3, 1, 141.1087537281335, 39.29686188580078, '2017/08/03 15:37:22', 10, 1),
(404, 3, 1, 141.1258182117167, 39.73781822252994, '2017/08/07 11:02:05', 10, 1),
(405, 3, 1, 141.12214551320403, 39.790261820927064, '2017/08/07 11:05:04', 10, 1),
(406, 3, 1, 141.1113348697695, 39.78398222479949, '2017/08/07 11:49:03', 10, 1),
(407, 3, 1, 141.1846946016281, 39.18915534399559, '2017/08/11 17:39:42', 10, 1),
(408, 3, 1, 141.17871213649806, 40.195250872286316, '2017/10/07 11:57:17', 10, 1),
(410, 3, 1, 141.116127, 39.756062, '2018/06/23 10:52:42', 10, 1),
(411, 3, 1, 141.116262, 39.756189, '2018/06/23 11:06:47', 10, 1),
(413, 3, 1, 141.116245, 39.756224, '2018/06/23 11:22:57', 10, 1),
(414, 3, 1, 141.116354, 39.756273, '2018/06/23 11:47:07', 10, 1),
(415, 3, 1, 141.116223, 39.756216, '2018/06/23 12:00:58', 10, 1),
(416, 3, 1, 141.116544, 39.755968, '2018/06/23 12:16:11', 10, 1),
(418, 3, 1, 141.116544, 39.755968, '2018/06/23 12:19:16', 10, 1),
(452, 3, 1, 141.102021, 39.748577, '2018/06/28 13:51:54', 10, 1),
(454, 3, 1, 141.16963, 39.783947, '2018/06/30 17:17:25', 10, 1),
(455, 3, 1, 141.169469, 39.78403, '2018/06/30 17:21:14', 10, 1),
(457, 3, 1, 141.078582, 39.746553, '2018/07/09 13:39:01', 10, 1),
(458, 3, 1, 141.079033, 39.749163, '2018/07/09 13:50:34', 10, 1),
(460, 3, 1, 141.19237, 39.179479, '2018/07/16 11:14:20', 10, 1),
(461, 3, 1, 141.192549, 39.179433, '2018/07/16 17:25:27', 10, 1),
(462, 3, 1, 141.09765724, 39.88164603, '2018/07/26 18:00:23', 10, 1),
(463, 3, 1, 141.08352044610407, 39.739552564024685, '2018/07/31 09:54:35', 10, 1),
(465, 3, 1, 141.146014, 39.8044251, '2018/08/01 17:07:20', 10, 1),
(466, 3, 1, 141.12066208398073, 39.71295703671846, '2018/08/05 11:25:37', 10, 1),
(468, 3, 1, 141.1119271350476, 39.78405078876743, '2018/08/09 13:14:30', 10, 1),
(469, 3, 1, 141.12710910862415, 39.70970171507421, '2018/08/12 11:06:08', 10, 1),
(470, 3, 1, 141.0777794, 39.746828, '2018/09/06 14:00:17', 10, 1),
(471, 3, 1, 141.1466525, 39.804379, '2018/09/07 08:24:29', 10, 1),
(472, 3, 1, 141.1210053, 39.7935155, '2018/09/07 08:39:40', 10, 1),
(473, 3, 1, 141.1210225, 39.7935108, '2018/09/07 08:45:57', 10, 1),
(474, 3, 1, 141.1470027, 39.8025947, '2018/09/10 08:26:28', 10, 1),
(475, 3, 1, 141.1471557, 39.8033503, '2018/09/11 08:31:26', 10, 1),
(476, 3, 1, 141.132033, 39.7958506, '2018/09/11 08:48:01', 10, 1),
(477, 3, 1, 141.0842541, 39.7485623, '2018/09/11 13:37:16', 10, 1),
(478, 3, 1, 141.0768222, 39.74948, '2018/09/11 13:44:22', 10, 1),
(479, 3, 1, 141.0340033, 39.7956521, '2018/09/18 16:31:26', 10, 1),
(480, 3, 1, 141.0332245, 39.796487, '2018/09/18 16:35:44', 10, 1),
(481, 3, 1, 141.1177098, 39.816542, '2018/09/19 12:05:44', 10, 1),
(482, 3, 1, 141.0325222, 39.7904882, '2018/10/08 11:45:41', 10, 1),
(483, 3, 1, 141.0325222, 39.7904882, '2018/10/08 11:59:22', 10, 1),
(485, 3, 1, 141.0710886, 39.7464894, '2018/11/18 13:09:55', 10, 1),
(488, 3, 1, 141.0254916, 39.7885892, '2018/11/22 08:40:55', 10, 1),
(489, 3, 1, 141.0254916, 39.7885892, '2018/11/22 08:44:17', 10, 1),
(490, 3, 1, 141.0254916, 39.7885892, '2018/11/22 08:51:09', 10, 1),
(491, 3, 1, 141.0254916, 39.7885892, '2018/11/22 08:53:58', 10, 1),
(521, 3, 1, 141.1391488, 39.7975552, '2018/12/05 17:02:32', 10, 1),
(547, 3, 1, 141.1393421, 39.7894176, '2019/03/22 09:11:32', 10, 1),
(548, 3, 1, 141.1022033, 39.7509474, '2019/03/25 09:16:13', 10, 1),
(549, 3, 1, 141.1135588, 39.7730683, '2019/03/25 14:20:06', 10, 1),
(550, 3, 1, 141.1931576241812, 39.17938182255318, '2019/05/08 19:10:27', 10, 1),
(551, 3, 1, 141.19277381354806, 39.179452654743095, '2019/07/27 09:26:04', 10, 1),
(552, 3, 1, 141.144, 39.6828, '2019/09/08 13:13:12', 10, 1),
(553, 2, 0, 141.1416686, 39.7000882, '2019/12/04 10:18:53', 1, 1),
(554, 4, 0, 139.7951178, 35.6293636, '2019/12/05 10:05:27', 1, 1),
(555, 4, 8, 139.7952697384314, 35.62933648860214, '2019/12/05 10:45:53', 1, 1),
(556, 4, 0, 139.7950858, 35.6294197, '2019/12/05 10:48:29', 1, 1),
(557, 4, 0, 139.7953057135392, 35.62936711233877, '2019/12/05 11:11:57', 1, 1),
(558, 4, 9, 139.79526331609597, 35.62934301162608, '2019/12/05 11:16:48', 1, 1),
(559, 4, 8, 139.7950459, 35.6293678, '2019/12/05 11:56:48', 1, 1),
(560, 4, 8, 139.7952057, 35.6292881, '2019/12/05 12:03:49', 1, 1),
(561, 4, 8, 139.7812619, 35.628077, '2019/12/05 13:14:08', 1, 1),
(562, 4, 8, 139.757012, 35.6430095, '2019/12/05 14:26:01', 1, 1),
(563, 4, 8, 139.7570122, 35.6430013, '2019/12/05 15:41:49', 1, 1),
(564, 4, 8, 139.7570122, 35.6430013, '2019/12/05 15:41:49', 1, 1),
(565, 5, 8, 139.6637525, 35.5784488, '2019/12/05 16:03:33', 1, 1),
(566, 5, 8, 139.6637525, 35.5784488, '2019/12/05 16:03:33', 1, 1),
(567, 3, 8, 139.79523345580841, 35.62932370197572, '2019/12/06 12:51:24', 156, 1),
(568, 4, 9, 139.7953140167065, 35.62937209676286, '2019/12/06 13:36:40', 1, 1),
(569, 4, 9, 139.7953140167065, 35.62937209676286, '2019/12/06 13:36:40', 1, 1),
(570, 3, 8, 139.7952746320473, 35.62934928976422, '2019/12/06 13:54:53', 142, 1),
(571, 3, 8, 139.7947896, 35.6290104, '2019/12/06 14:10:22', 1, 1),
(572, 3, 8, 139.79529780196765, 35.62936345204205, '2019/12/07 13:27:41', 1, 1);

-- --------------------------------------------------------

--
-- テーブルの構造 `report_answer`
--

CREATE TABLE `report_answer` (
  `reportID` int(11) NOT NULL,
  `answer` varchar(255) NOT NULL
) ENGINE=InnoDB DEFAULT CHARSET=utf8;

--
-- テーブルのデータのダンプ `report_answer`
--

INSERT INTO `report_answer` (`reportID`, `answer`) VALUES
(1, '晴れ'),
(2, '学生評価'),
(3, 'かろうじて積もってる'),
(4, 'とても多く積もってる'),
(5, ''),
(6, '普通'),
(7, '晴れ'),
(9, '晴れ'),
(11, '晴れ'),
(553, '普通');

-- --------------------------------------------------------

--
-- テーブルの構造 `report_media`
--

CREATE TABLE `report_media` (
  `reportID` int(11) NOT NULL,
  `media` varchar(255) NOT NULL
) ENGINE=InnoDB DEFAULT CHARSET=utf8;

--
-- テーブルのデータのダンプ `report_media`
--

INSERT INTO `report_media` (`reportID`, `media`) VALUES
(1, 'img/report/reportID1-1.jpg'),
(2, 'img/report/reportID2-1.jpg'),
(3, 'img/report/reportID3-1.jpg'),
(3, 'img/report/reportID3-2.jpg'),
(4, 'img/report/reportID4-1.jpg'),
(5, 'img/report/reportID5-1.jpg'),
(6, 'img/report/reportID6-1.jpg'),
(7, 'img/report/reportID7-1.jpg'),
(8, 'img/report/reportID8-1.jpg'),
(9, 'img/report/reportID9-1.jpg'),
(10, 'img/report/reportID10-1.jpg'),
(11, 'img/report/reportID11-1.jpg'),
(86, 'http://cuckoo.si.soft.iwate-pu.ac.jp/takizawa/media/uploads/20140609061148_2_image.jpg'),
(86, 'http://cuckoo.si.soft.iwate-pu.ac.jp/takizawa/media/uploads/20140609061148_1_image.jpg'),
(88, 'http://cuckoo.si.soft.iwate-pu.ac.jp/takizawa/media/uploads/20140614090344_1_image.jpg'),
(88, 'http://cuckoo.si.soft.iwate-pu.ac.jp/takizawa/media/uploads/20140614090344_2_image.jpg'),
(90, 'http://cuckoo.si.soft.iwate-pu.ac.jp/takizawa/media/uploads/20140614101456_2_image.jpg'),
(90, 'http://cuckoo.si.soft.iwate-pu.ac.jp/takizawa/media/uploads/20140614101456_1_image.jpg'),
(91, 'http://cuckoo.si.soft.iwate-pu.ac.jp/takizawa/media/uploads/20140614102411_1_image.jpg'),
(91, 'http://cuckoo.si.soft.iwate-pu.ac.jp/takizawa/media/uploads/20140614102411_2_image.jpg'),
(92, 'http://cuckoo.si.soft.iwate-pu.ac.jp/takizawa/media/uploads/20140614103050_1_image.jpg'),
(92, 'http://cuckoo.si.soft.iwate-pu.ac.jp/takizawa/media/uploads/20140614103050_2_image.jpg'),
(93, 'http://cuckoo.si.soft.iwate-pu.ac.jp/takizawa/media/uploads/20140614104104_2_image.jpg'),
(93, 'http://cuckoo.si.soft.iwate-pu.ac.jp/takizawa/media/uploads/20140614104104_1_image.jpg'),
(94, 'http://cuckoo.si.soft.iwate-pu.ac.jp/takizawa/media/uploads/20140614105927_1_image.jpg'),
(94, 'http://cuckoo.si.soft.iwate-pu.ac.jp/takizawa/media/uploads/20140614105927_2_image.jpg'),
(95, 'http://cuckoo.si.soft.iwate-pu.ac.jp/takizawa/media/uploads/20140614110640_2_image.jpg'),
(95, 'http://cuckoo.si.soft.iwate-pu.ac.jp/takizawa/media/uploads/20140614110640_1_image.jpg'),
(106, 'http://cuckoo.si.soft.iwate-pu.ac.jp/takizawa/media/uploads/20140623144619_1_image.jpg'),
(106, 'http://cuckoo.si.soft.iwate-pu.ac.jp/takizawa/media/uploads/20140623144619_2_image.jpg'),
(108, 'http://cuckoo.si.soft.iwate-pu.ac.jp/takizawa/media/uploads/20140627143242_1_image.jpg'),
(108, 'http://cuckoo.si.soft.iwate-pu.ac.jp/takizawa/media/uploads/20140627143242_2_image.jpg'),
(109, 'http://cuckoo.si.soft.iwate-pu.ac.jp/takizawa/media/uploads/20140627143652_1_image.jpg'),
(109, 'http://cuckoo.si.soft.iwate-pu.ac.jp/takizawa/media/uploads/20140627143652_2_image.jpg'),
(110, 'http://cuckoo.si.soft.iwate-pu.ac.jp/takizawa/media/uploads/20140627144154_1_image.jpg'),
(110, 'http://cuckoo.si.soft.iwate-pu.ac.jp/takizawa/media/uploads/20140627144154_2_image.jpg'),
(112, 'http://cuckoo.si.soft.iwate-pu.ac.jp/takizawa/media/uploads/20140702152452_2_image.jpg'),
(112, 'http://cuckoo.si.soft.iwate-pu.ac.jp/takizawa/media/uploads/20140702152452_1_image.jpg'),
(113, 'http://cuckoo.si.soft.iwate-pu.ac.jp/takizawa/media/uploads/20140702152804_2_image.jpg'),
(113, 'http://cuckoo.si.soft.iwate-pu.ac.jp/takizawa/media/uploads/20140702152804_1_image.jpg'),
(114, 'http://cuckoo.si.soft.iwate-pu.ac.jp/takizawa/media/uploads/20140702153235_1_image.jpg'),
(114, 'http://cuckoo.si.soft.iwate-pu.ac.jp/takizawa/media/uploads/20140702153235_2_image.jpg'),
(115, 'http://cuckoo.si.soft.iwate-pu.ac.jp/takizawa/media/uploads/20140703071912_1_image.jpg'),
(115, 'http://cuckoo.si.soft.iwate-pu.ac.jp/takizawa/media/uploads/20140703071912_2_image.jpg'),
(116, 'http://cuckoo.si.soft.iwate-pu.ac.jp/takizawa/media/uploads/20140703072128_1_image.jpg'),
(116, 'http://cuckoo.si.soft.iwate-pu.ac.jp/takizawa/media/uploads/20140703072128_2_image.jpg'),
(117, 'http://cuckoo.si.soft.iwate-pu.ac.jp/takizawa/media/uploads/20140705075848_1_image.jpg'),
(117, 'http://cuckoo.si.soft.iwate-pu.ac.jp/takizawa/media/uploads/20140705075848_2_image.jpg'),
(118, 'http://cuckoo.si.soft.iwate-pu.ac.jp/takizawa/media/uploads/20140714181610_1_image.jpg'),
(118, 'http://cuckoo.si.soft.iwate-pu.ac.jp/takizawa/media/uploads/20140714181610_2_image.jpg'),
(119, 'http://cuckoo.si.soft.iwate-pu.ac.jp/takizawa/media/uploads/20140717090414_1_image.jpg'),
(119, 'http://cuckoo.si.soft.iwate-pu.ac.jp/takizawa/media/uploads/20140717090414_2_image.jpg'),
(121, 'http://cuckoo.si.soft.iwate-pu.ac.jp/takizawa/media/uploads/20140717181720_2_image.jpg'),
(121, 'http://cuckoo.si.soft.iwate-pu.ac.jp/takizawa/media/uploads/20140717181720_1_image.jpg'),
(122, 'http://cuckoo.si.soft.iwate-pu.ac.jp/takizawa/media/uploads/20140717183117_2_image.jpg'),
(122, 'http://cuckoo.si.soft.iwate-pu.ac.jp/takizawa/media/uploads/20140717183117_1_image.jpg'),
(123, 'http://cuckoo.si.soft.iwate-pu.ac.jp/takizawa/media/uploads/20140718162948_2_image.jpg'),
(123, 'http://cuckoo.si.soft.iwate-pu.ac.jp/takizawa/media/uploads/20140718162948_1_image.jpg'),
(124, 'http://cuckoo.si.soft.iwate-pu.ac.jp/takizawa/media/uploads/20140718170433_1_image.jpg'),
(124, 'http://cuckoo.si.soft.iwate-pu.ac.jp/takizawa/media/uploads/20140718170433_2_image.jpg'),
(125, 'http://cuckoo.si.soft.iwate-pu.ac.jp/takizawa/media/uploads/20140718171609_1_image.jpg'),
(125, 'http://cuckoo.si.soft.iwate-pu.ac.jp/takizawa/media/uploads/20140718171609_2_image.jpg'),
(126, 'http://cuckoo.si.soft.iwate-pu.ac.jp/takizawa/media/uploads/20140718172021_1_image.jpg'),
(126, 'http://cuckoo.si.soft.iwate-pu.ac.jp/takizawa/media/uploads/20140718172021_2_image.jpg'),
(128, 'http://cuckoo.si.soft.iwate-pu.ac.jp/takizawa/media/uploads/20140725150520_1_1406267977315.jpg'),
(129, 'http://cuckoo.si.soft.iwate-pu.ac.jp/takizawa/media/uploads/20140726135242_1_image.jpg'),
(130, 'http://cuckoo.si.soft.iwate-pu.ac.jp/takizawa/media/uploads/20140726145504_2_image.jpg'),
(130, 'http://cuckoo.si.soft.iwate-pu.ac.jp/takizawa/media/uploads/20140726145504_1_image.jpg'),
(132, 'http://cuckoo.si.soft.iwate-pu.ac.jp/takizawa/media/uploads/20140729132307_2_image.jpg'),
(132, 'http://cuckoo.si.soft.iwate-pu.ac.jp/takizawa/media/uploads/20140729132307_1_image.jpg'),
(133, 'http://cuckoo.si.soft.iwate-pu.ac.jp/takizawa/media/uploads/20140729143134_2_image.jpg'),
(133, 'http://cuckoo.si.soft.iwate-pu.ac.jp/takizawa/media/uploads/20140729143134_1_image.jpg'),
(134, 'http://cuckoo.si.soft.iwate-pu.ac.jp/takizawa/media/uploads/20140729143536_1_image.jpg'),
(134, 'http://cuckoo.si.soft.iwate-pu.ac.jp/takizawa/media/uploads/20140729143536_2_image.jpg'),
(135, 'http://cuckoo.si.soft.iwate-pu.ac.jp/takizawa/media/uploads/20140729144248_2_image.jpg'),
(135, 'http://cuckoo.si.soft.iwate-pu.ac.jp/takizawa/media/uploads/20140729144248_1_image.jpg'),
(136, 'http://cuckoo.si.soft.iwate-pu.ac.jp/takizawa/media/uploads/20140729144515_1_image.jpg'),
(136, 'http://cuckoo.si.soft.iwate-pu.ac.jp/takizawa/media/uploads/20140729144515_2_image.jpg'),
(137, 'http://cuckoo.si.soft.iwate-pu.ac.jp/takizawa/media/uploads/20140729161948_2_image.jpg'),
(137, 'http://cuckoo.si.soft.iwate-pu.ac.jp/takizawa/media/uploads/20140729161948_1_image.jpg'),
(138, 'http://cuckoo.si.soft.iwate-pu.ac.jp/takizawa/media/uploads/20140729162553_1_image.jpg'),
(138, 'http://cuckoo.si.soft.iwate-pu.ac.jp/takizawa/media/uploads/20140729162553_2_image.jpg'),
(139, 'http://cuckoo.si.soft.iwate-pu.ac.jp/takizawa/media/uploads/20140729162848_1_image.jpg'),
(139, 'http://cuckoo.si.soft.iwate-pu.ac.jp/takizawa/media/uploads/20140729162848_2_image.jpg'),
(141, 'http://cuckoo.si.soft.iwate-pu.ac.jp/takizawa/media/uploads/20140729164558_1_image.jpg'),
(142, 'http://cuckoo.si.soft.iwate-pu.ac.jp/takizawa/media/uploads/20140729165048_2_image.jpg'),
(142, 'http://cuckoo.si.soft.iwate-pu.ac.jp/takizawa/media/uploads/20140729165048_1_image.jpg'),
(143, 'http://cuckoo.si.soft.iwate-pu.ac.jp/takizawa/media/uploads/20140729165546_2_image.jpg'),
(143, 'http://cuckoo.si.soft.iwate-pu.ac.jp/takizawa/media/uploads/20140729165546_1_image.jpg'),
(144, 'http://cuckoo.si.soft.iwate-pu.ac.jp/takizawa/media/uploads/20140729170308_1_image.jpg'),
(144, 'http://cuckoo.si.soft.iwate-pu.ac.jp/takizawa/media/uploads/20140729170308_2_image.jpg'),
(145, 'http://cuckoo.si.soft.iwate-pu.ac.jp/takizawa/media/uploads/20140729170706_1_image.jpg'),
(145, 'http://cuckoo.si.soft.iwate-pu.ac.jp/takizawa/media/uploads/20140729170706_2_image.jpg'),
(146, 'http://cuckoo.si.soft.iwate-pu.ac.jp/takizawa/media/uploads/20140729171210_1_image.jpg'),
(147, 'http://cuckoo.si.soft.iwate-pu.ac.jp/takizawa/media/uploads/20140801130221_2_image.jpg'),
(147, 'http://cuckoo.si.soft.iwate-pu.ac.jp/takizawa/media/uploads/20140801130221_1_image.jpg'),
(148, 'http://cuckoo.si.soft.iwate-pu.ac.jp/takizawa/media/uploads/20140809073846_1_image.jpg'),
(148, 'http://cuckoo.si.soft.iwate-pu.ac.jp/takizawa/media/uploads/20140809073846_2_image.jpg'),
(149, 'http://cuckoo.si.soft.iwate-pu.ac.jp/takizawa/media/uploads/20140809074412_2_image.jpg'),
(149, 'http://cuckoo.si.soft.iwate-pu.ac.jp/takizawa/media/uploads/20140809074412_1_image.jpg'),
(153, 'http://cuckoo.si.soft.iwate-pu.ac.jp/takizawa/media/uploads/20140813144214_2_image.jpg'),
(153, 'http://cuckoo.si.soft.iwate-pu.ac.jp/takizawa/media/uploads/20140813144214_1_image.jpg'),
(154, 'http://cuckoo.si.soft.iwate-pu.ac.jp/takizawa/media/uploads/20140813165815_1_1407916523992.jpg'),
(154, 'http://cuckoo.si.soft.iwate-pu.ac.jp/takizawa/media/uploads/20140813165815_2_1407916603278.jpg'),
(157, 'http://cuckoo.si.soft.iwate-pu.ac.jp/takizawa/media/uploads/20140816102249_2_1408152141801.jpg'),
(157, 'http://cuckoo.si.soft.iwate-pu.ac.jp/takizawa/media/uploads/20140816102249_1_1408152072157.jpg'),
(158, 'http://cuckoo.si.soft.iwate-pu.ac.jp/takizawa/media/uploads/20140816143600_1_image.jpg'),
(158, 'http://cuckoo.si.soft.iwate-pu.ac.jp/takizawa/media/uploads/20140816143600_2_image.jpg'),
(159, 'http://cuckoo.si.soft.iwate-pu.ac.jp/takizawa/media/uploads/20140816144122_1_image.jpg'),
(159, 'http://cuckoo.si.soft.iwate-pu.ac.jp/takizawa/media/uploads/20140816144122_2_image.jpg'),
(160, 'http://cuckoo.si.soft.iwate-pu.ac.jp/takizawa/media/uploads/20140816144842_2_image.jpg'),
(160, 'http://cuckoo.si.soft.iwate-pu.ac.jp/takizawa/media/uploads/20140816144842_1_image.jpg'),
(161, 'http://cuckoo.si.soft.iwate-pu.ac.jp/takizawa/media/uploads/20140816164811_1_image.jpg'),
(161, 'http://cuckoo.si.soft.iwate-pu.ac.jp/takizawa/media/uploads/20140816164811_2_image.jpg'),
(162, 'http://cuckoo.si.soft.iwate-pu.ac.jp/takizawa/media/uploads/20140817145048_2_image.jpg'),
(162, 'http://cuckoo.si.soft.iwate-pu.ac.jp/takizawa/media/uploads/20140817145048_1_image.jpg'),
(163, 'http://cuckoo.si.soft.iwate-pu.ac.jp/takizawa/media/uploads/20140818120017_1_image.jpg'),
(163, 'http://cuckoo.si.soft.iwate-pu.ac.jp/takizawa/media/uploads/20140818120017_2_image.jpg'),
(164, 'http://cuckoo.si.soft.iwate-pu.ac.jp/takizawa/media/uploads/20140821150523_1_image.jpg'),
(164, 'http://cuckoo.si.soft.iwate-pu.ac.jp/takizawa/media/uploads/20140821150523_2_image.jpg'),
(167, 'http://cuckoo.si.soft.iwate-pu.ac.jp/takizawa/media/uploads/20140826135710_2_image.jpg'),
(167, 'http://cuckoo.si.soft.iwate-pu.ac.jp/takizawa/media/uploads/20140826135710_1_image.jpg'),
(168, 'http://cuckoo.si.soft.iwate-pu.ac.jp/takizawa/media/uploads/20140826140010_1_image.jpg'),
(168, 'http://cuckoo.si.soft.iwate-pu.ac.jp/takizawa/media/uploads/20140826140010_2_image.jpg'),
(169, 'http://cuckoo.si.soft.iwate-pu.ac.jp/takizawa/media/uploads/20140826140225_1_image.jpg'),
(169, 'http://cuckoo.si.soft.iwate-pu.ac.jp/takizawa/media/uploads/20140826140225_2_image.jpg'),
(170, 'http://cuckoo.si.soft.iwate-pu.ac.jp/takizawa/media/uploads/20140826142348_2_image.jpg'),
(170, 'http://cuckoo.si.soft.iwate-pu.ac.jp/takizawa/media/uploads/20140826142348_1_image.jpg'),
(171, 'http://cuckoo.si.soft.iwate-pu.ac.jp/takizawa/media/uploads/20140826144813_1_image.jpg'),
(171, 'http://cuckoo.si.soft.iwate-pu.ac.jp/takizawa/media/uploads/20140826144813_2_image.jpg'),
(172, 'http://cuckoo.si.soft.iwate-pu.ac.jp/takizawa/media/uploads/20140826145743_1_image.jpg'),
(172, 'http://cuckoo.si.soft.iwate-pu.ac.jp/takizawa/media/uploads/20140826145743_2_image.jpg'),
(173, 'http://cuckoo.si.soft.iwate-pu.ac.jp/takizawa/media/uploads/20140826150244_1_image.jpg'),
(173, 'http://cuckoo.si.soft.iwate-pu.ac.jp/takizawa/media/uploads/20140826150244_2_image.jpg'),
(174, 'http://cuckoo.si.soft.iwate-pu.ac.jp/takizawa/media/uploads/20140826150626_2_image.jpg'),
(174, 'http://cuckoo.si.soft.iwate-pu.ac.jp/takizawa/media/uploads/20140826150626_1_image.jpg'),
(175, 'http://cuckoo.si.soft.iwate-pu.ac.jp/takizawa/media/uploads/20140826151354_1_image.jpg'),
(175, 'http://cuckoo.si.soft.iwate-pu.ac.jp/takizawa/media/uploads/20140826151354_2_image.jpg'),
(176, 'http://cuckoo.si.soft.iwate-pu.ac.jp/takizawa/media/uploads/20140826162058_1_image.jpg'),
(176, 'http://cuckoo.si.soft.iwate-pu.ac.jp/takizawa/media/uploads/20140826162058_2_image.jpg'),
(177, 'http://cuckoo.si.soft.iwate-pu.ac.jp/takizawa/media/uploads/20140826162446_1_image.jpg'),
(177, 'http://cuckoo.si.soft.iwate-pu.ac.jp/takizawa/media/uploads/20140826162446_2_image.jpg'),
(178, 'http://cuckoo.si.soft.iwate-pu.ac.jp/takizawa/media/uploads/20140826162857_2_image.jpg'),
(178, 'http://cuckoo.si.soft.iwate-pu.ac.jp/takizawa/media/uploads/20140826162857_1_image.jpg'),
(179, 'http://cuckoo.si.soft.iwate-pu.ac.jp/takizawa/media/uploads/20140826164327_1_image.jpg'),
(179, 'http://cuckoo.si.soft.iwate-pu.ac.jp/takizawa/media/uploads/20140826164327_2_image.jpg'),
(180, 'http://cuckoo.si.soft.iwate-pu.ac.jp/takizawa/media/uploads/20140826165253_1_image.jpg'),
(180, 'http://cuckoo.si.soft.iwate-pu.ac.jp/takizawa/media/uploads/20140826165253_2_image.jpg'),
(181, 'http://cuckoo.si.soft.iwate-pu.ac.jp/takizawa/media/uploads/20140826165805_2_image.jpg'),
(181, 'http://cuckoo.si.soft.iwate-pu.ac.jp/takizawa/media/uploads/20140826165805_1_image.jpg'),
(182, 'http://cuckoo.si.soft.iwate-pu.ac.jp/takizawa/media/uploads/20140826170158_1_image.jpg'),
(182, 'http://cuckoo.si.soft.iwate-pu.ac.jp/takizawa/media/uploads/20140826170158_2_image.jpg'),
(183, 'http://cuckoo.si.soft.iwate-pu.ac.jp/takizawa/media/uploads/20140826171222_1_image.jpg'),
(183, 'http://cuckoo.si.soft.iwate-pu.ac.jp/takizawa/media/uploads/20140826171222_2_image.jpg'),
(184, 'http://cuckoo.si.soft.iwate-pu.ac.jp/takizawa/media/uploads/20140826173824_1_image.jpg'),
(185, 'http://cuckoo.si.soft.iwate-pu.ac.jp/takizawa/media/uploads/20140826180400_1_image.jpg'),
(186, 'http://cuckoo.si.soft.iwate-pu.ac.jp/takizawa/media/uploads/20140827103432_1_image.jpg'),
(186, 'http://cuckoo.si.soft.iwate-pu.ac.jp/takizawa/media/uploads/20140827103432_2_image.jpg'),
(187, 'http://cuckoo.si.soft.iwate-pu.ac.jp/takizawa/media/uploads/20140827104525_1_image.jpg'),
(187, 'http://cuckoo.si.soft.iwate-pu.ac.jp/takizawa/media/uploads/20140827104525_2_image.jpg'),
(188, 'http://cuckoo.si.soft.iwate-pu.ac.jp/takizawa/media/uploads/20140827105143_1_image.jpg'),
(188, 'http://cuckoo.si.soft.iwate-pu.ac.jp/takizawa/media/uploads/20140827105143_2_image.jpg'),
(189, 'http://cuckoo.si.soft.iwate-pu.ac.jp/takizawa/media/uploads/20140827105602_1_image.jpg'),
(189, 'http://cuckoo.si.soft.iwate-pu.ac.jp/takizawa/media/uploads/20140827105602_2_image.jpg'),
(190, 'http://cuckoo.si.soft.iwate-pu.ac.jp/takizawa/media/uploads/20140827110945_1_image.jpg'),
(190, 'http://cuckoo.si.soft.iwate-pu.ac.jp/takizawa/media/uploads/20140827110945_2_image.jpg'),
(191, 'http://cuckoo.si.soft.iwate-pu.ac.jp/takizawa/media/uploads/20140827113124_2_image.jpg'),
(191, 'http://cuckoo.si.soft.iwate-pu.ac.jp/takizawa/media/uploads/20140827113124_1_image.jpg'),
(192, 'http://cuckoo.si.soft.iwate-pu.ac.jp/takizawa/media/uploads/20140827142116_1_image.jpg'),
(192, 'http://cuckoo.si.soft.iwate-pu.ac.jp/takizawa/media/uploads/20140827142116_2_image.jpg'),
(193, 'http://cuckoo.si.soft.iwate-pu.ac.jp/takizawa/media/uploads/20140827142642_1_image.jpg'),
(193, 'http://cuckoo.si.soft.iwate-pu.ac.jp/takizawa/media/uploads/20140827142642_2_image.jpg'),
(194, 'http://cuckoo.si.soft.iwate-pu.ac.jp/takizawa/media/uploads/20140827150102_2_image.jpg'),
(194, 'http://cuckoo.si.soft.iwate-pu.ac.jp/takizawa/media/uploads/20140827150102_1_image.jpg'),
(195, 'http://cuckoo.si.soft.iwate-pu.ac.jp/takizawa/media/uploads/20140827151702_1_image.jpg'),
(195, 'http://cuckoo.si.soft.iwate-pu.ac.jp/takizawa/media/uploads/20140827151702_2_image.jpg'),
(196, 'http://cuckoo.si.soft.iwate-pu.ac.jp/takizawa/media/uploads/20140827153551_1_image.jpg'),
(196, 'http://cuckoo.si.soft.iwate-pu.ac.jp/takizawa/media/uploads/20140827153551_2_image.jpg'),
(197, 'http://cuckoo.si.soft.iwate-pu.ac.jp/takizawa/media/uploads/20140827153944_2_image.jpg'),
(197, 'http://cuckoo.si.soft.iwate-pu.ac.jp/takizawa/media/uploads/20140827153944_1_image.jpg'),
(198, 'http://cuckoo.si.soft.iwate-pu.ac.jp/takizawa/media/uploads/20140827154458_1_image.jpg'),
(198, 'http://cuckoo.si.soft.iwate-pu.ac.jp/takizawa/media/uploads/20140827154458_2_image.jpg'),
(199, 'http://cuckoo.si.soft.iwate-pu.ac.jp/takizawa/media/uploads/20140827155124_2_image.jpg'),
(199, 'http://cuckoo.si.soft.iwate-pu.ac.jp/takizawa/media/uploads/20140827155124_1_image.jpg'),
(200, 'http://cuckoo.si.soft.iwate-pu.ac.jp/takizawa/media/uploads/20140827155647_1_image.jpg'),
(200, 'http://cuckoo.si.soft.iwate-pu.ac.jp/takizawa/media/uploads/20140827155647_2_image.jpg'),
(201, 'http://cuckoo.si.soft.iwate-pu.ac.jp/takizawa/media/uploads/20140827160011_1_image.jpg'),
(201, 'http://cuckoo.si.soft.iwate-pu.ac.jp/takizawa/media/uploads/20140827160011_2_image.jpg'),
(202, 'http://cuckoo.si.soft.iwate-pu.ac.jp/takizawa/media/uploads/20140827160740_1_image.jpg'),
(202, 'http://cuckoo.si.soft.iwate-pu.ac.jp/takizawa/media/uploads/20140827160740_2_image.jpg'),
(203, 'http://cuckoo.si.soft.iwate-pu.ac.jp/takizawa/media/uploads/20140827161119_2_image.jpg'),
(203, 'http://cuckoo.si.soft.iwate-pu.ac.jp/takizawa/media/uploads/20140827161119_1_image.jpg'),
(204, 'http://cuckoo.si.soft.iwate-pu.ac.jp/takizawa/media/uploads/20140827161637_1_image.jpg'),
(204, 'http://cuckoo.si.soft.iwate-pu.ac.jp/takizawa/media/uploads/20140827161637_2_image.jpg'),
(205, 'http://cuckoo.si.soft.iwate-pu.ac.jp/takizawa/media/uploads/20140827162452_1_image.jpg'),
(206, 'http://cuckoo.si.soft.iwate-pu.ac.jp/takizawa/media/uploads/20140827163057_1_image.jpg'),
(206, 'http://cuckoo.si.soft.iwate-pu.ac.jp/takizawa/media/uploads/20140827163057_2_image.jpg'),
(207, 'http://cuckoo.si.soft.iwate-pu.ac.jp/takizawa/media/uploads/20140827164323_1_image.jpg'),
(209, 'http://cuckoo.si.soft.iwate-pu.ac.jp/takizawa/media/uploads/20140827165940_1_image.jpg'),
(210, 'http://cuckoo.si.soft.iwate-pu.ac.jp/takizawa/media/uploads/20140827171603_1_image.jpg'),
(212, 'http://cuckoo.si.soft.iwate-pu.ac.jp/takizawa/media/uploads/20140829165332_1_DSC_0062.JPG'),
(212, 'http://cuckoo.si.soft.iwate-pu.ac.jp/takizawa/media/uploads/20140829165332_2_DSC_0062.JPG'),
(213, 'http://cuckoo.si.soft.iwate-pu.ac.jp/takizawa/media/uploads/20140829171244_1_DSC_0063.JPG'),
(214, 'http://cuckoo.si.soft.iwate-pu.ac.jp/takizawa/media/uploads/20140829172011_1_DSC_0064.JPG'),
(215, 'http://cuckoo.si.soft.iwate-pu.ac.jp/takizawa/media/uploads/20140829172419_1_DSC_0062.JPG'),
(216, 'http://cuckoo.si.soft.iwate-pu.ac.jp/takizawa/media/uploads/20140830161409_1_DSC_0066.JPG'),
(216, 'http://cuckoo.si.soft.iwate-pu.ac.jp/takizawa/media/uploads/20140830161409_2_DSC_0065.JPG'),
(217, 'http://cuckoo.si.soft.iwate-pu.ac.jp/takizawa/media/uploads/20140831112748_1_image.jpg'),
(217, 'http://cuckoo.si.soft.iwate-pu.ac.jp/takizawa/media/uploads/20140831112748_2_image.jpg'),
(218, 'http://cuckoo.si.soft.iwate-pu.ac.jp/takizawa/media/uploads/20140831113410_1_image.jpg'),
(218, 'http://cuckoo.si.soft.iwate-pu.ac.jp/takizawa/media/uploads/20140831113410_2_image.jpg'),
(219, 'http://cuckoo.si.soft.iwate-pu.ac.jp/takizawa/media/uploads/20140831121335_2_image.jpg'),
(219, 'http://cuckoo.si.soft.iwate-pu.ac.jp/takizawa/media/uploads/20140831121335_1_image.jpg'),
(220, 'http://cuckoo.si.soft.iwate-pu.ac.jp/takizawa/media/uploads/20140831123837_1_image.jpg'),
(220, 'http://cuckoo.si.soft.iwate-pu.ac.jp/takizawa/media/uploads/20140831123837_2_image.jpg'),
(221, 'http://cuckoo.si.soft.iwate-pu.ac.jp/takizawa/media/uploads/20140831124623_2_image.jpg'),
(221, 'http://cuckoo.si.soft.iwate-pu.ac.jp/takizawa/media/uploads/20140831124623_1_image.jpg'),
(222, 'http://cuckoo.si.soft.iwate-pu.ac.jp/takizawa/media/uploads/20140831125838_1_image.jpg'),
(222, 'http://cuckoo.si.soft.iwate-pu.ac.jp/takizawa/media/uploads/20140831125838_2_image.jpg'),
(223, 'http://cuckoo.si.soft.iwate-pu.ac.jp/takizawa/media/uploads/20140831134956_1_image.jpg'),
(223, 'http://cuckoo.si.soft.iwate-pu.ac.jp/takizawa/media/uploads/20140831134956_2_image.jpg'),
(224, 'http://cuckoo.si.soft.iwate-pu.ac.jp/takizawa/media/uploads/20140831135156_1_image.jpg'),
(224, 'http://cuckoo.si.soft.iwate-pu.ac.jp/takizawa/media/uploads/20140831135156_2_image.jpg'),
(225, 'http://cuckoo.si.soft.iwate-pu.ac.jp/takizawa/media/uploads/20140831152730_2_image.jpg'),
(225, 'http://cuckoo.si.soft.iwate-pu.ac.jp/takizawa/media/uploads/20140831152730_1_image.jpg'),
(226, 'http://cuckoo.si.soft.iwate-pu.ac.jp/takizawa/media/uploads/20140831154153_1_image.jpg'),
(226, 'http://cuckoo.si.soft.iwate-pu.ac.jp/takizawa/media/uploads/20140831154153_2_image.jpg'),
(227, 'http://cuckoo.si.soft.iwate-pu.ac.jp/takizawa/media/uploads/20140831162714_1_image.jpg'),
(227, 'http://cuckoo.si.soft.iwate-pu.ac.jp/takizawa/media/uploads/20140831162714_2_image.jpg'),
(228, 'http://cuckoo.si.soft.iwate-pu.ac.jp/takizawa/media/uploads/20140831174254_2_image.jpg'),
(228, 'http://cuckoo.si.soft.iwate-pu.ac.jp/takizawa/media/uploads/20140831174254_1_image.jpg'),
(229, 'http://cuckoo.si.soft.iwate-pu.ac.jp/takizawa/media/uploads/20140831175321_1_image.jpg'),
(229, 'http://cuckoo.si.soft.iwate-pu.ac.jp/takizawa/media/uploads/20140831175321_2_image.jpg'),
(230, 'http://cuckoo.si.soft.iwate-pu.ac.jp/takizawa/media/uploads/20140831181605_1_image.jpg'),
(230, 'http://cuckoo.si.soft.iwate-pu.ac.jp/takizawa/media/uploads/20140831181605_2_image.jpg'),
(231, 'http://cuckoo.si.soft.iwate-pu.ac.jp/takizawa/media/uploads/20140902141551_1_image.jpg'),
(231, 'http://cuckoo.si.soft.iwate-pu.ac.jp/takizawa/media/uploads/20140902141551_2_image.jpg'),
(232, 'http://cuckoo.si.soft.iwate-pu.ac.jp/takizawa/media/uploads/20140902142947_1_image.jpg'),
(232, 'http://cuckoo.si.soft.iwate-pu.ac.jp/takizawa/media/uploads/20140902142947_2_image.jpg'),
(233, 'http://cuckoo.si.soft.iwate-pu.ac.jp/takizawa/media/uploads/20140902143814_2_image.jpg'),
(233, 'http://cuckoo.si.soft.iwate-pu.ac.jp/takizawa/media/uploads/20140902143814_1_image.jpg'),
(234, 'http://cuckoo.si.soft.iwate-pu.ac.jp/takizawa/media/uploads/20140902174205_1_1409647306682.jpg'),
(235, 'http://cuckoo.si.soft.iwate-pu.ac.jp/takizawa/media/uploads/20140903092735_1_image.jpg'),
(235, 'http://cuckoo.si.soft.iwate-pu.ac.jp/takizawa/media/uploads/20140903092735_2_image.jpg'),
(236, 'http://cuckoo.si.soft.iwate-pu.ac.jp/takizawa/media/uploads/20140903104058_1_image.jpg'),
(236, 'http://cuckoo.si.soft.iwate-pu.ac.jp/takizawa/media/uploads/20140903104058_2_image.jpg'),
(237, 'http://cuckoo.si.soft.iwate-pu.ac.jp/takizawa/media/uploads/20140903111506_2_image.jpg'),
(237, 'http://cuckoo.si.soft.iwate-pu.ac.jp/takizawa/media/uploads/20140903111506_1_image.jpg'),
(238, 'http://cuckoo.si.soft.iwate-pu.ac.jp/takizawa/media/uploads/20140903111828_1_image.jpg'),
(238, 'http://cuckoo.si.soft.iwate-pu.ac.jp/takizawa/media/uploads/20140903111828_2_image.jpg'),
(239, 'http://cuckoo.si.soft.iwate-pu.ac.jp/takizawa/media/uploads/20140903114559_2_image.jpg'),
(239, 'http://cuckoo.si.soft.iwate-pu.ac.jp/takizawa/media/uploads/20140903114559_1_image.jpg'),
(240, 'http://cuckoo.si.soft.iwate-pu.ac.jp/takizawa/media/uploads/20140903114955_1_image.jpg'),
(240, 'http://cuckoo.si.soft.iwate-pu.ac.jp/takizawa/media/uploads/20140903114955_2_image.jpg'),
(241, 'http://cuckoo.si.soft.iwate-pu.ac.jp/takizawa/media/uploads/20140903125232_1_image.jpg'),
(241, 'http://cuckoo.si.soft.iwate-pu.ac.jp/takizawa/media/uploads/20140903125232_2_image.jpg'),
(242, 'http://cuckoo.si.soft.iwate-pu.ac.jp/takizawa/media/uploads/20140904102848_2_image.jpg'),
(242, 'http://cuckoo.si.soft.iwate-pu.ac.jp/takizawa/media/uploads/20140904102848_1_image.jpg'),
(243, 'http://cuckoo.si.soft.iwate-pu.ac.jp/takizawa/media/uploads/20140905104617_2_image.jpg'),
(243, 'http://cuckoo.si.soft.iwate-pu.ac.jp/takizawa/media/uploads/20140905104617_1_image.jpg'),
(244, 'http://cuckoo.si.soft.iwate-pu.ac.jp/takizawa/media/uploads/20140907085429_1_image.jpg'),
(244, 'http://cuckoo.si.soft.iwate-pu.ac.jp/takizawa/media/uploads/20140907085429_2_image.jpg'),
(245, 'http://cuckoo.si.soft.iwate-pu.ac.jp/takizawa/media/uploads/20140914113909_1_image.jpg'),
(245, 'http://cuckoo.si.soft.iwate-pu.ac.jp/takizawa/media/uploads/20140914113909_2_image.jpg'),
(246, 'http://cuckoo.si.soft.iwate-pu.ac.jp/takizawa/media/uploads/20140915090045_1_1410739122477.jpg'),
(247, 'http://cuckoo.si.soft.iwate-pu.ac.jp/takizawa/media/uploads/20140915104907_1_1410745706978.jpg'),
(248, 'http://cuckoo.si.soft.iwate-pu.ac.jp/takizawa/media/uploads/20140920130139_1_image.jpg'),
(248, 'http://cuckoo.si.soft.iwate-pu.ac.jp/takizawa/media/uploads/20140920130139_2_image.jpg'),
(249, 'http://cuckoo.si.soft.iwate-pu.ac.jp/takizawa/media/uploads/20140921125640_1_image.jpg'),
(249, 'http://cuckoo.si.soft.iwate-pu.ac.jp/takizawa/media/uploads/20140921125640_2_image.jpg'),
(250, 'http://cuckoo.si.soft.iwate-pu.ac.jp/takizawa/media/uploads/20140921160354_1_image.jpg'),
(250, 'http://cuckoo.si.soft.iwate-pu.ac.jp/takizawa/media/uploads/20140921160354_2_image.jpg'),
(254, 'http://cuckoo.si.soft.iwate-pu.ac.jp/takizawa/media/uploads/20150613083952_2_image.jpg'),
(254, 'http://cuckoo.si.soft.iwate-pu.ac.jp/takizawa/media/uploads/20150613083952_1_image.jpg'),
(255, 'http://cuckoo.si.soft.iwate-pu.ac.jp/takizawa/media/uploads/20150613100812_1_image.jpg'),
(255, 'http://cuckoo.si.soft.iwate-pu.ac.jp/takizawa/media/uploads/20150613100812_2_image.jpg'),
(256, 'http://cuckoo.si.soft.iwate-pu.ac.jp/takizawa/media/uploads/20150613101408_1_image.jpg'),
(256, 'http://cuckoo.si.soft.iwate-pu.ac.jp/takizawa/media/uploads/20150613101408_2_image.jpg'),
(257, 'http://cuckoo.si.soft.iwate-pu.ac.jp/takizawa/media/uploads/20150613102715_1_image.jpg'),
(257, 'http://cuckoo.si.soft.iwate-pu.ac.jp/takizawa/media/uploads/20150613102715_2_image.jpg'),
(258, 'http://cuckoo.si.soft.iwate-pu.ac.jp/takizawa/media/uploads/20150613103257_1_image.jpg'),
(258, 'http://cuckoo.si.soft.iwate-pu.ac.jp/takizawa/media/uploads/20150613103257_2_image.jpg'),
(259, 'http://cuckoo.si.soft.iwate-pu.ac.jp/takizawa/media/uploads/20150613104220_2_image.jpg'),
(259, 'http://cuckoo.si.soft.iwate-pu.ac.jp/takizawa/media/uploads/20150613104220_1_image.jpg'),
(261, 'http://cuckoo.si.soft.iwate-pu.ac.jp/takizawa/media/uploads/20150621121258_1_image.jpg'),
(261, 'http://cuckoo.si.soft.iwate-pu.ac.jp/takizawa/media/uploads/20150621121258_2_image.jpg'),
(262, 'http://cuckoo.si.soft.iwate-pu.ac.jp/takizawa/media/uploads/20150621123940_1_image.jpg'),
(262, 'http://cuckoo.si.soft.iwate-pu.ac.jp/takizawa/media/uploads/20150621123940_2_image.jpg'),
(263, 'http://cuckoo.si.soft.iwate-pu.ac.jp/takizawa/media/uploads/20150621124130_1_image.jpg'),
(263, 'http://cuckoo.si.soft.iwate-pu.ac.jp/takizawa/media/uploads/20150621124130_2_image.jpg'),
(264, 'http://cuckoo.si.soft.iwate-pu.ac.jp/takizawa/media/uploads/20150703120120_2_image.jpg'),
(264, 'http://cuckoo.si.soft.iwate-pu.ac.jp/takizawa/media/uploads/20150703120120_1_image.jpg'),
(265, 'http://cuckoo.si.soft.iwate-pu.ac.jp/takizawa/media/uploads/20150703121621_1_image.jpg'),
(265, 'http://cuckoo.si.soft.iwate-pu.ac.jp/takizawa/media/uploads/20150703121621_2_image.jpg'),
(280, 'http://cuckoo.si.soft.iwate-pu.ac.jp/takizawa/media/uploads/20150711090758_2_1436573265744-97616525.jpg'),
(280, 'http://cuckoo.si.soft.iwate-pu.ac.jp/takizawa/media/uploads/20150711090758_1_1436573253226564116770.jpg'),
(284, 'http://cuckoo.si.soft.iwate-pu.ac.jp/takizawa/media/uploads/20150717115613_2_image.jpg'),
(284, 'http://cuckoo.si.soft.iwate-pu.ac.jp/takizawa/media/uploads/20150717115613_1_image.jpg'),
(285, 'http://cuckoo.si.soft.iwate-pu.ac.jp/takizawa/media/uploads/20150719124031_1_image.jpg'),
(285, 'http://cuckoo.si.soft.iwate-pu.ac.jp/takizawa/media/uploads/20150719124031_2_image.jpg'),
(286, 'http://cuckoo.si.soft.iwate-pu.ac.jp/takizawa/media/uploads/20150726083533_1_image.jpg'),
(286, 'http://cuckoo.si.soft.iwate-pu.ac.jp/takizawa/media/uploads/20150726083533_2_image.jpg'),
(292, 'http://cuckoo.si.soft.iwate-pu.ac.jp/takizawa/media/uploads/20150731161023_1_image.jpg'),
(292, 'http://cuckoo.si.soft.iwate-pu.ac.jp/takizawa/media/uploads/20150731161023_2_image.jpg'),
(293, 'http://cuckoo.si.soft.iwate-pu.ac.jp/takizawa/media/uploads/20150731161652_2_image.jpg'),
(293, 'http://cuckoo.si.soft.iwate-pu.ac.jp/takizawa/media/uploads/20150731161652_1_image.jpg'),
(294, 'http://cuckoo.si.soft.iwate-pu.ac.jp/takizawa/media/uploads/20150731162329_2_image.jpg'),
(294, 'http://cuckoo.si.soft.iwate-pu.ac.jp/takizawa/media/uploads/20150731162329_1_image.jpg'),
(296, 'http://cuckoo.si.soft.iwate-pu.ac.jp/takizawa/media/uploads/20150731162607_1_image.jpg'),
(296, 'http://cuckoo.si.soft.iwate-pu.ac.jp/takizawa/media/uploads/20150731162607_2_image.jpg'),
(297, 'http://cuckoo.si.soft.iwate-pu.ac.jp/takizawa/media/uploads/20150801093726_2_image.jpg'),
(297, 'http://cuckoo.si.soft.iwate-pu.ac.jp/takizawa/media/uploads/20150801093726_1_image.jpg'),
(300, 'http://cuckoo.si.soft.iwate-pu.ac.jp/takizawa/media/uploads/20150802090736_1_image.jpg'),
(300, 'http://cuckoo.si.soft.iwate-pu.ac.jp/takizawa/media/uploads/20150802090736_2_image.jpg'),
(301, 'http://cuckoo.si.soft.iwate-pu.ac.jp/takizawa/media/uploads/20150802091138_2_image.jpg'),
(301, 'http://cuckoo.si.soft.iwate-pu.ac.jp/takizawa/media/uploads/20150802091138_1_image.jpg'),
(302, 'http://cuckoo.si.soft.iwate-pu.ac.jp/takizawa/media/uploads/20150802113159_2_image.jpg'),
(302, 'http://cuckoo.si.soft.iwate-pu.ac.jp/takizawa/media/uploads/20150802113159_1_image.jpg'),
(303, 'http://cuckoo.si.soft.iwate-pu.ac.jp/takizawa/media/uploads/20150802113941_1_image.jpg'),
(304, 'http://cuckoo.si.soft.iwate-pu.ac.jp/takizawa/media/uploads/20150802115405_1_image.jpg'),
(304, 'http://cuckoo.si.soft.iwate-pu.ac.jp/takizawa/media/uploads/20150802115405_2_image.jpg'),
(305, 'http://cuckoo.si.soft.iwate-pu.ac.jp/takizawa/media/uploads/20150802115805_1_image.jpg'),
(305, 'http://cuckoo.si.soft.iwate-pu.ac.jp/takizawa/media/uploads/304_1_1438489238.jpg'),
(307, 'http://cuckoo.si.soft.iwate-pu.ac.jp/takizawa/media/uploads/20150802123757_2_image.jpg'),
(307, 'http://cuckoo.si.soft.iwate-pu.ac.jp/takizawa/media/uploads/20150802123757_1_image.jpg'),
(308, 'http://cuckoo.si.soft.iwate-pu.ac.jp/takizawa/media/uploads/20150802142120_1_image.jpg'),
(308, 'http://cuckoo.si.soft.iwate-pu.ac.jp/takizawa/media/uploads/20150802142120_2_image.jpg'),
(309, 'http://cuckoo.si.soft.iwate-pu.ac.jp/takizawa/media/uploads/20150802143114_2_image.jpg'),
(309, 'http://cuckoo.si.soft.iwate-pu.ac.jp/takizawa/media/uploads/20150802143114_1_image.jpg'),
(310, 'http://cuckoo.si.soft.iwate-pu.ac.jp/takizawa/media/uploads/20150802144047_1_image.jpg'),
(310, 'http://cuckoo.si.soft.iwate-pu.ac.jp/takizawa/media/uploads/20150802144047_2_image.jpg'),
(311, 'http://cuckoo.si.soft.iwate-pu.ac.jp/takizawa/media/uploads/20150802145835_1_image.jpg'),
(311, 'http://cuckoo.si.soft.iwate-pu.ac.jp/takizawa/media/uploads/20150802145835_2_image.jpg'),
(312, 'http://cuckoo.si.soft.iwate-pu.ac.jp/takizawa/media/uploads/20150802150507_1_image.jpg'),
(312, 'http://cuckoo.si.soft.iwate-pu.ac.jp/takizawa/media/uploads/20150802150507_2_image.jpg'),
(314, 'http://cuckoo.si.soft.iwate-pu.ac.jp/takizawa/media/uploads/20150804165827_1_image.jpg'),
(314, 'http://cuckoo.si.soft.iwate-pu.ac.jp/takizawa/media/uploads/20150804165827_2_image.jpg'),
(315, 'http://cuckoo.si.soft.iwate-pu.ac.jp/takizawa/media/uploads/20150805080948_1_image.jpg'),
(317, 'http://cuckoo.si.soft.iwate-pu.ac.jp/takizawa/media/uploads/20150808095911_1_image.jpg'),
(317, 'http://cuckoo.si.soft.iwate-pu.ac.jp/takizawa/media/uploads/20150808095911_2_image.jpg'),
(318, 'http://cuckoo.si.soft.iwate-pu.ac.jp/takizawa/media/uploads/20150808100508_1_1438995850446-1755861570.jpg'),
(318, 'http://cuckoo.si.soft.iwate-pu.ac.jp/takizawa/media/uploads/20150808100508_2_1438995872133-397928733.jpg'),
(319, 'http://cuckoo.si.soft.iwate-pu.ac.jp/takizawa/media/uploads/20150808104553_1_image.jpg'),
(319, 'http://cuckoo.si.soft.iwate-pu.ac.jp/takizawa/media/uploads/20150808104553_2_image.jpg'),
(320, 'http://cuckoo.si.soft.iwate-pu.ac.jp/takizawa/media/uploads/20150808112112_2_image.jpg'),
(320, 'http://cuckoo.si.soft.iwate-pu.ac.jp/takizawa/media/uploads/20150808112112_1_image.jpg'),
(322, 'http://cuckoo.si.soft.iwate-pu.ac.jp/takizawa/media/uploads/20150808121601_1_1439003721742-1794055438.jpg'),
(322, 'http://cuckoo.si.soft.iwate-pu.ac.jp/takizawa/media/uploads/20150808121601_2_1439003733460188355296.jpg'),
(323, 'http://cuckoo.si.soft.iwate-pu.ac.jp/takizawa/media/uploads/20150808122324_2_1439004174231-873752469.jpg'),
(323, 'http://cuckoo.si.soft.iwate-pu.ac.jp/takizawa/media/uploads/20150808122324_1_1439004167911-298395534.jpg'),
(324, 'http://cuckoo.si.soft.iwate-pu.ac.jp/takizawa/media/uploads/20150808123104_1_1439004595634-1794055438.jpg'),
(324, 'http://cuckoo.si.soft.iwate-pu.ac.jp/takizawa/media/uploads/20150808123104_2_1439004643168-1523310544.jpg'),
(325, 'http://cuckoo.si.soft.iwate-pu.ac.jp/takizawa/media/uploads/20150808123825_1_image.jpg'),
(326, 'http://cuckoo.si.soft.iwate-pu.ac.jp/takizawa/media/uploads/20150808123849_1_1439005069800188355296.jpg'),
(326, 'http://cuckoo.si.soft.iwate-pu.ac.jp/takizawa/media/uploads/20150808123849_2_1439005077393-1523310544.jpg'),
(327, 'http://cuckoo.si.soft.iwate-pu.ac.jp/takizawa/media/uploads/20150808124408_2_14390054006251007734106.jpg'),
(327, 'http://cuckoo.si.soft.iwate-pu.ac.jp/takizawa/media/uploads/20150808124408_1_14390053945962022113017.jpg'),
(328, 'http://cuckoo.si.soft.iwate-pu.ac.jp/takizawa/media/uploads/20150809111723_1_143908651426011710753.jpg'),
(328, 'http://cuckoo.si.soft.iwate-pu.ac.jp/takizawa/media/uploads/20150809111723_2_1439086629621-1123364516.jpg'),
(329, 'http://cuckoo.si.soft.iwate-pu.ac.jp/takizawa/media/uploads/20150809112218_1_14390869155361490888515.jpg'),
(330, 'http://cuckoo.si.soft.iwate-pu.ac.jp/takizawa/media/uploads/20150809112429_1_1439087040783-502270638.jpg'),
(330, 'http://cuckoo.si.soft.iwate-pu.ac.jp/takizawa/media/uploads/20150809112429_2_14390870585341635792809.jpg'),
(331, 'http://cuckoo.si.soft.iwate-pu.ac.jp/takizawa/media/uploads/20150809113545_1_1439087675643-1282659714.jpg'),
(331, 'http://cuckoo.si.soft.iwate-pu.ac.jp/takizawa/media/uploads/20150809113545_2_14390877172571335439453.jpg'),
(332, 'http://cuckoo.si.soft.iwate-pu.ac.jp/takizawa/media/uploads/20150809113608_2_14390877172571335439453.jpg'),
(332, 'http://cuckoo.si.soft.iwate-pu.ac.jp/takizawa/media/uploads/20150809113608_1_1439087675643-1282659714.jpg'),
(333, 'http://cuckoo.si.soft.iwate-pu.ac.jp/takizawa/media/uploads/20150809114109_1_1439088039606-1019370412.jpg'),
(333, 'http://cuckoo.si.soft.iwate-pu.ac.jp/takizawa/media/uploads/20150809114109_2_1439088052665-1701830189.jpg'),
(334, 'http://cuckoo.si.soft.iwate-pu.ac.jp/takizawa/media/uploads/20150809114625_1_14390883457472021925946.jpg'),
(334, 'http://cuckoo.si.soft.iwate-pu.ac.jp/takizawa/media/uploads/20150809114625_2_1439088364924-1412139526.jpg'),
(335, 'http://cuckoo.si.soft.iwate-pu.ac.jp/takizawa/media/uploads/20150809120003_2_1439089122108950774255.jpg'),
(335, 'http://cuckoo.si.soft.iwate-pu.ac.jp/takizawa/media/uploads/20150809120003_1_1439089101212156532586.jpg'),
(336, 'http://cuckoo.si.soft.iwate-pu.ac.jp/takizawa/media/uploads/20150809121044_1_1439089820366-618900969.jpg'),
(337, 'http://cuckoo.si.soft.iwate-pu.ac.jp/takizawa/media/uploads/20150809121948_1_1439090361002-786498114.jpg'),
(337, 'http://cuckoo.si.soft.iwate-pu.ac.jp/takizawa/media/uploads/20150809121948_2_1439090372489626305667.jpg'),
(338, 'http://cuckoo.si.soft.iwate-pu.ac.jp/takizawa/media/uploads/20150811111932_1_image.jpg'),
(338, 'http://cuckoo.si.soft.iwate-pu.ac.jp/takizawa/media/uploads/20150811111932_2_image.jpg'),
(339, 'http://cuckoo.si.soft.iwate-pu.ac.jp/takizawa/media/uploads/20150811121323_2_image.jpg'),
(339, 'http://cuckoo.si.soft.iwate-pu.ac.jp/takizawa/media/uploads/20150811121323_1_image.jpg'),
(340, 'http://cuckoo.si.soft.iwate-pu.ac.jp/takizawa/media/uploads/20150811130245_1_image.jpg'),
(340, 'http://cuckoo.si.soft.iwate-pu.ac.jp/takizawa/media/uploads/20150811130245_2_image.jpg'),
(341, 'http://cuckoo.si.soft.iwate-pu.ac.jp/takizawa/media/uploads/20150811131033_1_image.jpg'),
(341, 'http://cuckoo.si.soft.iwate-pu.ac.jp/takizawa/media/uploads/20150811131033_2_image.jpg'),
(342, 'http://cuckoo.si.soft.iwate-pu.ac.jp/takizawa/media/uploads/20150811131957_1_image.jpg'),
(342, 'http://cuckoo.si.soft.iwate-pu.ac.jp/takizawa/media/uploads/20150811131957_2_image.jpg'),
(343, 'http://cuckoo.si.soft.iwate-pu.ac.jp/takizawa/media/uploads/20150811133034_2_image.jpg'),
(343, 'http://cuckoo.si.soft.iwate-pu.ac.jp/takizawa/media/uploads/20150811133034_1_image.jpg'),
(344, 'http://cuckoo.si.soft.iwate-pu.ac.jp/takizawa/media/uploads/20150812075615_1_image.jpg'),
(344, 'http://cuckoo.si.soft.iwate-pu.ac.jp/takizawa/media/uploads/20150812075615_2_image.jpg'),
(345, 'http://cuckoo.si.soft.iwate-pu.ac.jp/takizawa/media/uploads/20150812081948_1_image.jpg'),
(345, 'http://cuckoo.si.soft.iwate-pu.ac.jp/takizawa/media/uploads/20150812081948_2_image.jpg'),
(346, 'http://cuckoo.si.soft.iwate-pu.ac.jp/takizawa/media/uploads/20150812084147_1_image.jpg'),
(346, 'http://cuckoo.si.soft.iwate-pu.ac.jp/takizawa/media/uploads/20150812084147_2_image.jpg'),
(347, 'http://cuckoo.si.soft.iwate-pu.ac.jp/takizawa/media/uploads/20150812090616_2_image.jpg'),
(347, 'http://cuckoo.si.soft.iwate-pu.ac.jp/takizawa/media/uploads/20150812090616_1_image.jpg'),
(348, 'http://cuckoo.si.soft.iwate-pu.ac.jp/takizawa/media/uploads/20150812095204_1_image.jpg'),
(348, 'http://cuckoo.si.soft.iwate-pu.ac.jp/takizawa/media/uploads/20150812095204_2_image.jpg'),
(349, 'http://cuckoo.si.soft.iwate-pu.ac.jp/takizawa/media/uploads/20150812111448_1_image.jpg'),
(349, 'http://cuckoo.si.soft.iwate-pu.ac.jp/takizawa/media/uploads/20150812111448_2_image.jpg'),
(350, 'http://cuckoo.si.soft.iwate-pu.ac.jp/takizawa/media/uploads/20150812124235_2_image.jpg'),
(350, 'http://cuckoo.si.soft.iwate-pu.ac.jp/takizawa/media/uploads/20150812124235_1_image.jpg'),
(351, 'http://cuckoo.si.soft.iwate-pu.ac.jp/takizawa/media/uploads/20150813135508_1_image.jpg'),
(351, 'http://cuckoo.si.soft.iwate-pu.ac.jp/takizawa/media/uploads/20150813135508_2_image.jpg'),
(352, 'http://cuckoo.si.soft.iwate-pu.ac.jp/takizawa/media/uploads/20150813165523_1_image.jpg'),
(352, 'http://cuckoo.si.soft.iwate-pu.ac.jp/takizawa/media/uploads/20150813165523_2_image.jpg'),
(353, 'http://cuckoo.si.soft.iwate-pu.ac.jp/takizawa/media/uploads/20150816083444_1_IMAG0087.jpg'),
(353, 'http://cuckoo.si.soft.iwate-pu.ac.jp/takizawa/media/uploads/20150816083444_2_IMAG0086.jpg'),
(355, 'http://cuckoo.si.soft.iwate-pu.ac.jp/takizawa/media/uploads/20150817105739_1_image.jpg'),
(355, 'http://cuckoo.si.soft.iwate-pu.ac.jp/takizawa/media/uploads/20150817105739_2_image.jpg'),
(356, 'http://cuckoo.si.soft.iwate-pu.ac.jp/takizawa/media/uploads/20150817180812_1_1439802456923-596525146.jpg'),
(360, 'http://cuckoo.si.soft.iwate-pu.ac.jp/takizawa/media/uploads/20150903101358_1_image.jpg'),
(364, 'http://cuckoo.si.soft.iwate-pu.ac.jp/takizawa/media/uploads/20150910174638_1_image.jpg'),
(364, 'http://cuckoo.si.soft.iwate-pu.ac.jp/takizawa/media/uploads/20150910174638_2_image.jpg'),
(366, 'http://cuckoo.si.soft.iwate-pu.ac.jp/takizawa/media/uploads/20150914083800_2_image.jpg'),
(366, 'http://cuckoo.si.soft.iwate-pu.ac.jp/takizawa/media/uploads/20150914083800_1_image.jpg'),
(367, 'http://cuckoo.si.soft.iwate-pu.ac.jp/takizawa/media/uploads/20150914172533_1_image.jpg'),
(367, 'http://cuckoo.si.soft.iwate-pu.ac.jp/takizawa/media/uploads/20150914172533_2_image.jpg'),
(372, 'http://cuckoo.si.soft.iwate-pu.ac.jp/takizawa/media/uploads/20150928121804_2_image.jpg'),
(372, 'http://cuckoo.si.soft.iwate-pu.ac.jp/takizawa/media/uploads/20150928121804_1_image.jpg'),
(378, 'http://cuckoo.si.soft.iwate-pu.ac.jp/takizawa/media/uploads/20160730124718_2_image.jpg'),
(378, 'http://cuckoo.si.soft.iwate-pu.ac.jp/takizawa/media/uploads/20160730124718_1_image.jpg'),
(379, 'http://cuckoo.si.soft.iwate-pu.ac.jp/takizawa/media/uploads/20160730141120_1_image.jpg'),
(379, 'http://cuckoo.si.soft.iwate-pu.ac.jp/takizawa/media/uploads/20160730141120_2_image.jpg'),
(380, 'http://cuckoo.si.soft.iwate-pu.ac.jp/takizawa/media/uploads/20160731071207_2_image.jpg'),
(380, 'http://cuckoo.si.soft.iwate-pu.ac.jp/takizawa/media/uploads/20160731071207_1_image.jpg'),
(381, 'http://cuckoo.si.soft.iwate-pu.ac.jp/takizawa/media/uploads/20160806091855_1_image.jpg'),
(381, 'http://cuckoo.si.soft.iwate-pu.ac.jp/takizawa/media/uploads/20160806091855_2_image.jpg'),
(382, 'http://cuckoo.si.soft.iwate-pu.ac.jp/takizawa/media/uploads/20160806112404_1_image.jpg'),
(382, 'http://cuckoo.si.soft.iwate-pu.ac.jp/takizawa/media/uploads/20160806112404_2_image.jpg'),
(383, 'http://cuckoo.si.soft.iwate-pu.ac.jp/takizawa/media/uploads/20160806135955_1_image.jpg'),
(383, 'http://cuckoo.si.soft.iwate-pu.ac.jp/takizawa/media/uploads/20160806135955_2_image.jpg'),
(384, 'http://cuckoo.si.soft.iwate-pu.ac.jp/takizawa/media/uploads/20160806140401_1_image.jpg'),
(384, 'http://cuckoo.si.soft.iwate-pu.ac.jp/takizawa/media/uploads/20160806140401_2_image.jpg'),
(385, 'http://cuckoo.si.soft.iwate-pu.ac.jp/takizawa/media/uploads/20160806182913_1_image.jpg'),
(385, 'http://cuckoo.si.soft.iwate-pu.ac.jp/takizawa/media/uploads/20160806182913_2_image.jpg'),
(386, 'http://cuckoo.si.soft.iwate-pu.ac.jp/takizawa/media/uploads/20160813174710_2_image.jpg'),
(386, 'http://cuckoo.si.soft.iwate-pu.ac.jp/takizawa/media/uploads/20160813174710_1_image.jpg'),
(387, 'http://cuckoo.si.soft.iwate-pu.ac.jp/takizawa/media/uploads/20160821164400_1_image.jpg'),
(387, 'http://cuckoo.si.soft.iwate-pu.ac.jp/takizawa/media/uploads/20160821164400_2_image.jpg'),
(388, 'http://cuckoo.si.soft.iwate-pu.ac.jp/takizawa/media/uploads/20160822062703_1_image.jpg'),
(388, 'http://cuckoo.si.soft.iwate-pu.ac.jp/takizawa/media/uploads/20160822062703_2_image.jpg'),
(389, 'http://cuckoo.si.soft.iwate-pu.ac.jp/takizawa/media/uploads/20160822064516_1_image.jpg'),
(389, 'http://cuckoo.si.soft.iwate-pu.ac.jp/takizawa/media/uploads/20160822064516_2_image.jpg'),
(390, 'http://cuckoo.si.soft.iwate-pu.ac.jp/takizawa/media/uploads/20160822070244_2_image.jpg'),
(390, 'http://cuckoo.si.soft.iwate-pu.ac.jp/takizawa/media/uploads/20160822070244_1_image.jpg'),
(391, 'http://cuckoo.si.soft.iwate-pu.ac.jp/takizawa/media/uploads/20160822072243_1_image.jpg'),
(391, 'http://cuckoo.si.soft.iwate-pu.ac.jp/takizawa/media/uploads/20160822072243_2_image.jpg'),
(392, 'http://cuckoo.si.soft.iwate-pu.ac.jp/takizawa/media/uploads/20160822074336_2_image.jpg'),
(392, 'http://cuckoo.si.soft.iwate-pu.ac.jp/takizawa/media/uploads/20160822074336_1_image.jpg'),
(393, 'http://cuckoo.si.soft.iwate-pu.ac.jp/takizawa/media/uploads/20160822074605_1_image.jpg'),
(393, 'http://cuckoo.si.soft.iwate-pu.ac.jp/takizawa/media/uploads/20160822074605_2_image.jpg'),
(394, 'http://cuckoo.si.soft.iwate-pu.ac.jp/takizawa/media/uploads/20160822083227_1_image.jpg'),
(394, 'http://cuckoo.si.soft.iwate-pu.ac.jp/takizawa/media/uploads/20160822083227_2_image.jpg'),
(395, 'http://cuckoo.si.soft.iwate-pu.ac.jp/takizawa/media/uploads/20160822090134_2_image.jpg'),
(395, 'http://cuckoo.si.soft.iwate-pu.ac.jp/takizawa/media/uploads/20160822090134_1_image.jpg'),
(396, 'http://cuckoo.si.soft.iwate-pu.ac.jp/takizawa/media/uploads/20160823095652_2_image.jpg'),
(396, 'http://cuckoo.si.soft.iwate-pu.ac.jp/takizawa/media/uploads/20160823095652_1_image.jpg'),
(397, 'http://cuckoo.si.soft.iwate-pu.ac.jp/takizawa/media/uploads/20160823143542_1_image.jpg'),
(397, 'http://cuckoo.si.soft.iwate-pu.ac.jp/takizawa/media/uploads/20160823143542_2_image.jpg'),
(398, 'http://cuckoo.si.soft.iwate-pu.ac.jp/takizawa/media/uploads/20160829084404_1_image.jpg'),
(398, 'http://cuckoo.si.soft.iwate-pu.ac.jp/takizawa/media/uploads/20160829084404_2_image.jpg'),
(399, 'http://cuckoo.si.soft.iwate-pu.ac.jp/takizawa/media/uploads/20160829091603_1_image.jpg'),
(399, 'http://cuckoo.si.soft.iwate-pu.ac.jp/takizawa/media/uploads/20160829091603_2_image.jpg'),
(400, 'http://cuckoo.si.soft.iwate-pu.ac.jp/takizawa/media/uploads/20160902110858_2_image.jpg'),
(400, 'http://cuckoo.si.soft.iwate-pu.ac.jp/takizawa/media/uploads/20160902110858_1_image.jpg'),
(401, 'http://cuckoo.si.soft.iwate-pu.ac.jp/takizawa/media/uploads/20160917105131_1_image.jpg'),
(401, 'http://cuckoo.si.soft.iwate-pu.ac.jp/takizawa/media/uploads/20160917105131_2_image.jpg'),
(402, 'http://cuckoo.si.soft.iwate-pu.ac.jp/takizawa/media/uploads/20170729154345_1_image.jpg'),
(402, 'http://cuckoo.si.soft.iwate-pu.ac.jp/takizawa/media/uploads/20170729154345_2_image.jpg'),
(403, 'http://cuckoo.si.soft.iwate-pu.ac.jp/takizawa/media/uploads/20170803153722_1_image.jpg'),
(404, 'http://cuckoo.si.soft.iwate-pu.ac.jp/takizawa/media/uploads/20170807110205_1_image.jpg'),
(404, 'http://cuckoo.si.soft.iwate-pu.ac.jp/takizawa/media/uploads/20170807110205_2_image.jpg'),
(405, 'http://cuckoo.si.soft.iwate-pu.ac.jp/takizawa/media/uploads/20170807110504_1_image.jpg'),
(405, 'http://cuckoo.si.soft.iwate-pu.ac.jp/takizawa/media/uploads/20170807110504_2_image.jpg'),
(406, 'http://cuckoo.si.soft.iwate-pu.ac.jp/takizawa/media/uploads/20170807114903_2_image.jpg'),
(406, 'http://cuckoo.si.soft.iwate-pu.ac.jp/takizawa/media/uploads/20170807114903_1_image.jpg'),
(407, 'http://cuckoo.si.soft.iwate-pu.ac.jp/takizawa/media/uploads/20170811173942_1_image.jpg'),
(408, 'http://cuckoo.si.soft.iwate-pu.ac.jp/takizawa/media/uploads/20171007115717_1_image.jpg'),
(408, 'http://cuckoo.si.soft.iwate-pu.ac.jp/takizawa/media/uploads/20171007115717_2_image.jpg'),
(410, 'http://cuckoo.si.soft.iwate-pu.ac.jp/takizawa/media/uploads/20180623105242_1_image.jpg'),
(410, 'http://cuckoo.si.soft.iwate-pu.ac.jp/takizawa/media/uploads/20180623105242_2_image.jpg'),
(411, 'http://cuckoo.si.soft.iwate-pu.ac.jp/takizawa/media/uploads/20180623110647_1_image.jpg'),
(411, 'http://cuckoo.si.soft.iwate-pu.ac.jp/takizawa/media/uploads/20180623110647_2_image.jpg'),
(413, 'http://cuckoo.si.soft.iwate-pu.ac.jp/takizawa/media/uploads/20180623112257_2_image.jpg'),
(413, 'http://cuckoo.si.soft.iwate-pu.ac.jp/takizawa/media/uploads/20180623112257_1_image.jpg'),
(414, 'http://cuckoo.si.soft.iwate-pu.ac.jp/takizawa/media/uploads/20180623114707_1_image.jpg'),
(414, 'http://cuckoo.si.soft.iwate-pu.ac.jp/takizawa/media/uploads/20180623114707_2_image.jpg'),
(415, 'http://cuckoo.si.soft.iwate-pu.ac.jp/takizawa/media/uploads/20180623120058_1_image.jpg'),
(415, 'http://cuckoo.si.soft.iwate-pu.ac.jp/takizawa/media/uploads/20180623120058_2_image.jpg'),
(416, 'http://cuckoo.si.soft.iwate-pu.ac.jp/takizawa/media/uploads/20180623121611_1_image.jpg'),
(416, 'http://cuckoo.si.soft.iwate-pu.ac.jp/takizawa/media/uploads/20180623121611_2_image.jpg'),
(418, 'http://cuckoo.si.soft.iwate-pu.ac.jp/takizawa/media/uploads/20180623121916_2_image.jpg'),
(418, 'http://cuckoo.si.soft.iwate-pu.ac.jp/takizawa/media/uploads/20180623121916_1_image.jpg'),
(452, 'http://cuckoo.si.soft.iwate-pu.ac.jp/takizawa/media/uploads/20180628135154_1_15301614732186210655426303524614.jpg'),
(454, 'http://cuckoo.si.soft.iwate-pu.ac.jp/takizawa/media/uploads/20180630171725_1_15303465326603795879589507824163.jpg'),
(454, 'http://cuckoo.si.soft.iwate-pu.ac.jp/takizawa/media/uploads/20180630171725_2_15303465729884430933532755730289.jpg'),
(455, 'http://cuckoo.si.soft.iwate-pu.ac.jp/takizawa/media/uploads/20180630172114_1_15303468353915934742804916795151.jpg'),
(457, 'http://cuckoo.si.soft.iwate-pu.ac.jp/takizawa/media/uploads/20180709133901_1_15311110995962781747250695608994.jpg'),
(458, 'http://cuckoo.si.soft.iwate-pu.ac.jp/takizawa/media/uploads/20180709135034_1_15311117349461298002349935221544.jpg'),
(460, 'http://cuckoo.si.soft.iwate-pu.ac.jp/takizawa/media/uploads/20180716111420_1_image.jpg'),
(461, 'http://cuckoo.si.soft.iwate-pu.ac.jp/takizawa/media/uploads/20180716172527_2_image.jpg'),
(461, 'http://cuckoo.si.soft.iwate-pu.ac.jp/takizawa/media/uploads/20180716172527_1_image.jpg'),
(462, 'http://cuckoo.si.soft.iwate-pu.ac.jp/takizawa/media/uploads/20180726180023_1_2018-07-26 17.59.49.jpg'),
(463, 'http://cuckoo.si.soft.iwate-pu.ac.jp/takizawa/media/uploads/20180731095435_1_image.jpg'),
(463, 'http://cuckoo.si.soft.iwate-pu.ac.jp/takizawa/media/uploads/20180731095435_2_image.jpg'),
(465, 'http://cuckoo.si.soft.iwate-pu.ac.jp/takizawa/media/uploads/20180801170720_1_15331108072051440026452422342684.jpg'),
(465, 'http://cuckoo.si.soft.iwate-pu.ac.jp/takizawa/media/uploads/20180801170720_2_15331108214094664144924402109119.jpg'),
(466, 'http://cuckoo.si.soft.iwate-pu.ac.jp/takizawa/media/uploads/20180805112537_1_image.jpg'),
(466, 'http://cuckoo.si.soft.iwate-pu.ac.jp/takizawa/media/uploads/20180805112537_2_image.jpg'),
(468, 'http://cuckoo.si.soft.iwate-pu.ac.jp/takizawa/media/uploads/20180809131430_1_image.jpg'),
(469, 'http://cuckoo.si.soft.iwate-pu.ac.jp/takizawa/media/uploads/20180812110608_1_image.jpg'),
(469, 'http://cuckoo.si.soft.iwate-pu.ac.jp/takizawa/media/uploads/20180812110608_2_image.jpg'),
(470, 'http://cuckoo.si.soft.iwate-pu.ac.jp/takizawa/media/uploads/20180906140017_1_15362099787189211200127423728917.jpg'),
(471, 'http://cuckoo.si.soft.iwate-pu.ac.jp/takizawa/media/uploads/20180907082429_1_15362762034298482864764864454644.jpg'),
(471, 'http://cuckoo.si.soft.iwate-pu.ac.jp/takizawa/media/uploads/20180907082429_2_1536276248705277571922965720909.jpg'),
(472, 'http://cuckoo.si.soft.iwate-pu.ac.jp/takizawa/media/uploads/20180907083940_1_15362771626966527002310017622295.jpg'),
(473, 'http://cuckoo.si.soft.iwate-pu.ac.jp/takizawa/media/uploads/20180907084557_1_1536277518586701540221268826220.jpg'),
(473, 'http://cuckoo.si.soft.iwate-pu.ac.jp/takizawa/media/uploads/20180907084557_2_15362775273443128213459867844149.jpg'),
(474, 'http://cuckoo.si.soft.iwate-pu.ac.jp/takizawa/media/uploads/20180910082628_1_15365355607192808841434011230260.jpg'),
(475, 'http://cuckoo.si.soft.iwate-pu.ac.jp/takizawa/media/uploads/20180911083126_1_15366222599174436680522719227580.jpg'),
(476, 'http://cuckoo.si.soft.iwate-pu.ac.jp/takizawa/media/uploads/20180911084801_1_1536623226547216421005982444620.jpg');
INSERT INTO `report_media` (`reportID`, `media`) VALUES
(476, 'http://cuckoo.si.soft.iwate-pu.ac.jp/takizawa/media/uploads/20180911084801_2_15366232532414514295253309714330.jpg'),
(477, 'http://cuckoo.si.soft.iwate-pu.ac.jp/takizawa/media/uploads/20180911133716_1_15366405723616076797653862054372.jpg'),
(477, 'http://cuckoo.si.soft.iwate-pu.ac.jp/takizawa/media/uploads/20180911133716_2_15366405840684415848150799678286.jpg'),
(478, 'http://cuckoo.si.soft.iwate-pu.ac.jp/takizawa/media/uploads/20180911134422_1_1536640994235872180456682141795.jpg'),
(478, 'http://cuckoo.si.soft.iwate-pu.ac.jp/takizawa/media/uploads/20180911134422_2_15366410161271146289736223221636.jpg'),
(479, 'http://cuckoo.si.soft.iwate-pu.ac.jp/takizawa/media/uploads/20180918163126_1_15372558083896566489620838545756.jpg'),
(479, 'http://cuckoo.si.soft.iwate-pu.ac.jp/takizawa/media/uploads/20180918163126_2_15372558448626472689798337795037.jpg'),
(480, 'http://cuckoo.si.soft.iwate-pu.ac.jp/takizawa/media/uploads/20180918163544_2_15372560493628667772544491268935.jpg'),
(480, 'http://cuckoo.si.soft.iwate-pu.ac.jp/takizawa/media/uploads/20180918163544_1_1537256020827649161460710635634.jpg'),
(481, 'http://cuckoo.si.soft.iwate-pu.ac.jp/takizawa/media/uploads/20180919120544_1_15373262827556922291519489185939.jpg'),
(481, 'http://cuckoo.si.soft.iwate-pu.ac.jp/takizawa/media/uploads/20180919120544_2_15373263077187787015547043135748.jpg'),
(482, 'http://cuckoo.si.soft.iwate-pu.ac.jp/takizawa/media/uploads/20181008114541_1_15389665794087994806141605019262.jpg'),
(483, 'http://cuckoo.si.soft.iwate-pu.ac.jp/takizawa/media/uploads/20181008115922_1_15389675138052700329481643371987.jpg'),
(485, 'http://cuckoo.si.soft.iwate-pu.ac.jp/takizawa/media/uploads/20181118130955_1_1542514149286632804384692379326.jpg'),
(488, 'http://cuckoo.si.soft.iwate-pu.ac.jp/takizawa/media/uploads/20181122084055_1_15428436256714114578672638345036.jpg'),
(489, 'http://cuckoo.si.soft.iwate-pu.ac.jp/takizawa/media/uploads/20181122084417_2_15428438250335330049654165907353.jpg'),
(489, 'http://cuckoo.si.soft.iwate-pu.ac.jp/takizawa/media/uploads/20181122084417_1_15428437975455722524165932926107.jpg'),
(490, 'http://cuckoo.si.soft.iwate-pu.ac.jp/takizawa/media/uploads/20181122085109_1_15428437975455722524165932926107.jpg'),
(490, 'http://cuckoo.si.soft.iwate-pu.ac.jp/takizawa/media/uploads/20181122085109_2_15428438250335330049654165907353.jpg'),
(491, 'http://cuckoo.si.soft.iwate-pu.ac.jp/takizawa/media/uploads/20181122085358_1_15428443797773437104521450804177.jpg'),
(491, 'http://cuckoo.si.soft.iwate-pu.ac.jp/takizawa/media/uploads/20181122085358_2_15428444076078356373146155433931.jpg'),
(498, 'http://cuckoo.si.soft.iwate-pu.ac.jp/takizawa/media/uploads/20181126191446_1_image.jpg'),
(498, 'http://cuckoo.si.soft.iwate-pu.ac.jp/takizawa/media/uploads/20181126191446_2_image.jpg'),
(521, 'http://cuckoo.si.soft.iwate-pu.ac.jp/takizawa/media/uploads/category1-4.png'),
(521, 'http://cuckoo.si.soft.iwate-pu.ac.jp/takizawa/media/uploads/category1-5.png'),
(547, 'http://cuckoo.si.soft.iwate-pu.ac.jp/takizawa/media/uploads/20190322091132_1_15532134735406214820169763843374.jpg'),
(548, 'http://cuckoo.si.soft.iwate-pu.ac.jp/takizawa/media/uploads/20190325091613_1_15534729369264840268094597731949.jpg'),
(549, 'http://cuckoo.si.soft.iwate-pu.ac.jp/takizawa/media/uploads/20190325142006_1_1553491159744754375523695391375.jpg'),
(550, 'http://cuckoo.si.soft.iwate-pu.ac.jp/takizawa/media/uploads/20190508191027_1_image.jpg'),
(551, 'http://cuckoo.si.soft.iwate-pu.ac.jp/takizawa/media/uploads/20190727092604_1_image.jpg'),
(551, 'http://cuckoo.si.soft.iwate-pu.ac.jp/takizawa/media/uploads/20190727092604_2_image.jpg'),
(552, 'http://cuckoo.si.soft.iwate-pu.ac.jp/takizawa/media/uploads/_20190908130829_オオハンゴンソウkanntanncategory4.jpg'),
(552, 'http://cuckoo.si.soft.iwate-pu.ac.jp/takizawa/media/uploads/_20190908130829_オオハンゴンソウkanntanncategory5.jpg'),
(553, 'img/report/reportID553-1.jpg'),
(554, 'img/report/reportID554-1.jpg'),
(555, 'img/report/reportID555-1.jpg'),
(556, 'img/report/reportID556-1.jpg'),
(557, 'img/report/reportID557-1.jpg'),
(558, 'img/report/reportID558-1.jpg'),
(559, 'img/report/reportID559-1.jpg'),
(560, 'img/report/reportID560-1.jpg'),
(561, 'img/report/reportID561-1.jpg'),
(562, 'img/report/reportID562-1.jpg'),
(563, 'img/report/reportID563-1.jpg'),
(564, 'img/report/reportID564-1.jpg'),
(565, 'img/report/reportID565-1.jpg'),
(566, 'img/report/reportID566-1.jpg'),
(567, 'img/report/reportID567-1.jpg'),
(568, 'img/report/reportID568-1.jpg'),
(568, 'img/report/reportID568-2.jpg'),
(569, 'img/report/reportID569-1.jpg'),
(569, 'img/report/reportID569-2.jpg'),
(570, 'img/report/reportID570-2.jpg'),
(571, 'img/report/reportID571-2.jpg'),
(572, 'img/report/reportID572-1.jpg');

-- --------------------------------------------------------

--
-- テーブルの構造 `research`
--

CREATE TABLE `research` (
  `researchID` int(11) NOT NULL,
  `name` varchar(30) NOT NULL,
  `communityID` int(11) NOT NULL,
  `researchStart` int(2) NOT NULL,
  `researchEnd` int(2) NOT NULL,
  `researchOverview` varchar(240) DEFAULT NULL,
  `targetName` varchar(30) NOT NULL,
  `targetOverview` varchar(240) DEFAULT NULL,
  `targetType` varchar(5) NOT NULL,
  `targetImageURL` varchar(120) NOT NULL,
  `researchType` varchar(7) NOT NULL,
  `date` varchar(30) NOT NULL,
  `private` int(11) NOT NULL DEFAULT '1'
) ENGINE=InnoDB DEFAULT CHARSET=utf8;

--
-- テーブルのデータのダンプ `research`
--

INSERT INTO `research` (`researchID`, `name`, `communityID`, `researchStart`, `researchEnd`, `researchOverview`, `targetName`, `targetOverview`, `targetType`, `targetImageURL`, `researchType`, `date`, `private`) VALUES
(2, '岩手県内に積もった雪', 4, 11, 1, '雪の積り具合を調査する。', '雪', '', 'multi', 'img/research/researchID2.jpg', 'single', '2019/11/22', 1),
(3, 'オオハンゴンソウ調査', 5, 1, 12, '滝沢市を中心にオオハンゴンソウの調査を行います。', 'オオハンゴンソウ', '花期は7月から9月頃で、計10～14枚の花弁は黄色で細長く、やや垂れ下がっている。葉には毛が生え触るとざらつく。高さは50〜300cm。\r\n道端、荒地、畑地、河川敷、湿原などさまざまな環境に生育する。一株当たり1600粒の種子を生産する。', 'multi', 'img/research/researchID3.jpg', 'series', '2019/12/03', 1),
(4, 'エコプロの写真を投稿してみましょう', 6, 12, 12, 'エコプロに出展しているブースの写真を撮って投稿してみましょう', 'エコプロ出展ブース', '', 'multi', 'img/research/researchID4.jpg', 'series', '2019/12/05', 1),
(5, 'エコプロ', 6, 7, 12, '', '燕', '', 'multi', 'img/research/researchID5.jpg', 'series', '2019/12/05', 1),
(6, 'テスト調査', 3, 1, 12, '', 'テスト', '', 'multi', 'img/research/researchID6.jpg', 'series', '2020/01/17', 1);

-- --------------------------------------------------------

--
-- テーブルの構造 `research_question`
--

CREATE TABLE `research_question` (
  `researchID` int(11) NOT NULL,
  `type` varchar(255) NOT NULL,
  `question` varchar(255) NOT NULL,
  `options` varchar(255) DEFAULT NULL
) ENGINE=InnoDB DEFAULT CHARSET=utf8;

--
-- テーブルのデータのダンプ `research_question`
--

INSERT INTO `research_question` (`researchID`, `type`, `question`, `options`) VALUES
(1, 'free', 'テストはなんのためにするんですか', '0'),
(2, 'select', 'どのくらい雪が積もっていますか？', 'とても多く積もってる,多く積もってる,普通,少し積もってる,かろうじて積もってる,積もってない'),
(6, 'free', '対象種どのような行動をしていましたか', '0'),
(6, 'select', '発見した時の天気を選択してください。', '晴れ,雨,曇り');

-- --------------------------------------------------------

--
-- テーブルの構造 `search`
--

CREATE TABLE `search` (
  `researchID` int(11) NOT NULL,
  `type1` varchar(10) DEFAULT NULL,
  `question1` varchar(30) DEFAULT NULL,
  `option1` varchar(120) DEFAULT NULL,
  `type2` varchar(10) DEFAULT NULL,
  `question2` varchar(30) DEFAULT NULL,
  `option2` varchar(120) DEFAULT NULL,
  `type3` varchar(10) DEFAULT NULL,
  `question3` varchar(30) DEFAULT NULL,
  `option3` varchar(120) DEFAULT NULL,
  `type4` varchar(10) DEFAULT NULL,
  `question4` varchar(30) DEFAULT NULL,
  `option4` varchar(120) DEFAULT NULL,
  `type5` varchar(10) DEFAULT NULL,
  `question5` varchar(30) DEFAULT NULL,
  `option5` varchar(120) DEFAULT NULL,
  `type6` varchar(10) DEFAULT NULL,
  `question6` varchar(30) DEFAULT NULL,
  `option6` varchar(120) DEFAULT NULL,
  `type7` varchar(10) DEFAULT NULL,
  `question7` varchar(30) DEFAULT NULL,
  `option7` varchar(120) DEFAULT NULL,
  `type8` varchar(10) DEFAULT NULL,
  `question8` varchar(30) DEFAULT NULL,
  `option8` varchar(120) DEFAULT NULL
) ENGINE=InnoDB DEFAULT CHARSET=utf8;

-- --------------------------------------------------------

--
-- テーブルの構造 `user`
--

CREATE TABLE `user` (
  `userID` int(11) NOT NULL,
  `name` varchar(16) NOT NULL,
  `pw` varchar(255) NOT NULL,
  `mail` varchar(30) NOT NULL,
  `age` int(3) DEFAULT NULL,
  `gender` varchar(10) DEFAULT NULL,
  `address` varchar(5) DEFAULT NULL
) ENGINE=InnoDB DEFAULT CHARSET=utf8;

--
-- テーブルのデータのダンプ `user`
--

INSERT INTO `user` (`userID`, `name`, `pw`, `mail`, `age`, `gender`, `address`) VALUES
(1, '新田', '$2y$10$8yLqTN1LAvoQcX6CGoGfEOffDdhJYAS8yGTtRU5W2WMm1x5SX5md.', 'g031o120@s.iwate-pu.ac.jp', 1997, 'male', '岩手県'),
(2, '遠藤匠馬', '$2y$10$O1rK5Jch8BNcTufhtTqNMO00fp3GMNuSVAgqoqeNANsdnGDQ4ibnW', 'g031o017@s.iwate-pu.ac.jp', 1997, 'male', '岩手県'),
(3, 'ono77777', '$2y$10$IDdOug9wEtzL9qVCV3TVGu.TCgXPQs9.FXw/UbLL16mfWBP5Sy8HW', 'g031o031@s.iwate-pu.ac.jp', 1997, 'male', '岩手県'),
(4, 'テスト', '$2y$10$sVQmbzSCH2k0GyywXDpET.1hZgbuzzqdnIMSFhTztAwJjn.lQVhfG', 'p5uglf4ei6qq@sute.jp', 2019, 'male', ''),
(5, 'うめ', '$2y$10$pQmPVgH6feqTAwK8l6mB1e9tHRc4dJx9owW1oPtS.1dCOJF0ISt8u', 'g031p015@s.iwate-pu.ac.jp', 1998, 'male', '岩手県'),
(6, 'tst', '$2y$10$Z40TCJHTbTtJnXrDp1q7SOpAD9gyBJAGVhHWpU/3HcTzIz7ptMwDm', 'tst@tst', 2004, 'male', ''),
(7, 'エコプロ', '$2y$10$h9OOwskymW1wliYJxJDYP./hRIXz80ucKGoBi7k3y8roOGaOX.WQO', 'eko@eko', 2019, 'male', ''),
(8, 'エコプロ', '$2y$10$HsyAOZcPWCslNrpBNhG2H.PFQOxezf/CPPKgYWRPJa44yOX6OIuNm', 'eco@eco', 2019, 'male', ''),
(9, 'tomi', '$2y$10$F7TKHdlK9R/YyikojckGLOusg6zIqbqBM1XUAxK8maHqIQa6OqG6O', 'tomizawa@iwate-pu.ac.jp', 1974, 'male', '岩手県');

-- --------------------------------------------------------

--
-- テーブルの構造 `validation`
--

CREATE TABLE `validation` (
  `userID` int(11) NOT NULL,
  `reportID` int(11) NOT NULL,
  `result` int(2) NOT NULL
) ENGINE=InnoDB DEFAULT CHARSET=utf8;

--
-- テーブルのデータのダンプ `validation`
--

INSERT INTO `validation` (`userID`, `reportID`, `result`) VALUES
(1, 1, 1),
(3, 4, 1),
(3, 3, 1),
(1, 2, 1),
(1, 4, 0),
(1, 6, 1),
(1, 86, 1),
(1, 88, 1),
(1, 90, 1),
(1, 91, 1),
(1, 92, 1),
(1, 93, 1),
(1, 94, 1),
(1, 95, 1),
(1, 106, 1),
(1, 108, 1),
(1, 109, 1),
(1, 110, 1),
(1, 112, 1),
(1, 113, 1),
(1, 114, 1),
(1, 115, 1),
(1, 116, 1),
(1, 117, 1),
(1, 118, 1),
(1, 119, 1),
(1, 121, 1),
(1, 122, 1),
(1, 123, 1),
(1, 124, 1),
(1, 125, 1),
(1, 126, 1),
(1, 128, 1),
(1, 129, 1),
(1, 130, 1),
(1, 132, 1),
(1, 133, 1),
(1, 134, 1),
(1, 135, 1),
(1, 136, 1),
(1, 137, 1),
(1, 138, 1),
(1, 139, 1),
(1, 141, 1),
(1, 142, 1),
(1, 143, 1),
(1, 144, 1),
(1, 145, 1),
(1, 146, 1),
(1, 147, 1),
(1, 148, 1),
(1, 149, 1),
(1, 153, 1),
(1, 154, 1),
(1, 157, 1),
(1, 158, 1),
(1, 159, 1),
(1, 160, 1),
(1, 161, 1),
(1, 162, 1),
(1, 163, 1),
(1, 164, 1),
(1, 167, 1),
(1, 168, 1),
(1, 169, 1),
(1, 170, 1),
(1, 171, 1),
(1, 172, 1),
(1, 173, 1),
(1, 174, 1),
(1, 175, 1),
(1, 176, 1),
(1, 177, 1),
(1, 178, 1),
(1, 179, 1),
(1, 180, 1),
(1, 181, 1),
(1, 182, 1),
(1, 183, 1),
(1, 184, 1),
(1, 185, 1),
(1, 186, 1),
(1, 187, 1),
(1, 188, 1),
(1, 189, 1),
(1, 190, 1),
(1, 191, 1),
(1, 192, 1),
(1, 193, 1),
(1, 194, 1),
(1, 195, 1),
(1, 196, 1),
(1, 197, 1),
(1, 198, 1),
(1, 199, 1),
(1, 200, 1),
(1, 201, 1),
(1, 202, 1),
(1, 203, 1),
(1, 204, 1),
(1, 205, 1),
(1, 206, 1),
(1, 207, 1),
(1, 209, 1),
(1, 210, 1),
(1, 212, 1),
(1, 213, 1),
(1, 214, 1),
(1, 215, 1),
(1, 216, 1),
(1, 217, 1),
(1, 218, 1),
(1, 219, 1),
(1, 220, 1),
(1, 221, 1),
(1, 222, 1),
(1, 223, 1),
(1, 224, 1),
(1, 225, 1),
(1, 226, 1),
(1, 227, 1),
(1, 228, 1),
(1, 229, 1),
(1, 230, 1),
(1, 231, 1),
(1, 232, 1),
(1, 233, 1),
(1, 234, 1),
(1, 235, 1),
(1, 236, 1),
(1, 237, 1),
(1, 238, 1),
(1, 239, 1),
(1, 240, 1),
(1, 241, 1),
(1, 242, 1),
(1, 243, 1),
(1, 244, 1),
(1, 245, 1),
(1, 246, 1),
(1, 247, 1),
(1, 248, 1),
(1, 249, 1),
(1, 250, 1),
(1, 254, 1),
(1, 255, 1),
(1, 256, 1),
(1, 257, 1),
(1, 258, 1),
(1, 259, 1),
(1, 261, 1),
(1, 262, 1),
(1, 263, 1),
(1, 264, 1),
(1, 265, 1),
(1, 280, 1),
(1, 284, 1),
(1, 285, 1),
(1, 286, 1),
(1, 292, 1),
(1, 293, 1),
(1, 294, 1),
(1, 296, 1),
(1, 297, 1),
(1, 300, 1),
(1, 301, 1),
(1, 302, 1),
(1, 303, 1),
(1, 304, 1),
(1, 305, 1),
(1, 306, 1),
(1, 307, 1),
(1, 308, 1),
(1, 309, 1),
(1, 310, 1),
(1, 311, 1),
(1, 312, 1),
(1, 314, 1),
(1, 315, 1),
(1, 317, 1),
(1, 318, 1),
(1, 319, 1),
(1, 320, 1),
(1, 322, 1),
(1, 323, 1),
(1, 324, 1),
(1, 325, 1),
(1, 326, 1),
(1, 327, 1),
(1, 328, 1),
(1, 329, 1),
(1, 330, 1),
(1, 331, 1),
(1, 332, 1),
(1, 333, 1),
(1, 334, 1),
(1, 335, 1),
(1, 336, 1),
(1, 337, 1),
(1, 338, 1),
(1, 339, 1),
(1, 340, 1),
(1, 341, 1),
(1, 342, 1),
(1, 343, 1),
(1, 344, 1),
(1, 345, 1),
(1, 346, 1),
(1, 347, 1),
(1, 348, 1),
(1, 349, 1),
(1, 350, 1),
(1, 351, 1),
(1, 352, 1),
(1, 353, 1),
(1, 355, 1),
(1, 356, 1),
(1, 360, 1),
(1, 364, 1),
(1, 366, 1),
(1, 367, 1),
(1, 372, 1),
(1, 378, 1),
(1, 379, 1),
(1, 380, 1),
(1, 381, 1),
(1, 382, 1),
(1, 383, 1),
(1, 384, 1),
(1, 385, 1),
(1, 386, 1),
(1, 387, 1),
(1, 388, 1),
(1, 389, 1),
(1, 390, 1),
(1, 391, 1),
(1, 392, 1),
(1, 393, 1),
(1, 394, 1),
(1, 395, 1),
(1, 396, 1),
(1, 397, 1),
(1, 398, 1),
(1, 399, 1),
(1, 400, 1),
(1, 401, 1),
(1, 402, 1),
(1, 403, 1),
(1, 404, 1),
(1, 405, 1),
(1, 406, 1),
(1, 407, 1),
(1, 408, 1),
(1, 410, 1),
(1, 411, 1),
(1, 413, 1),
(1, 414, 1),
(1, 415, 1),
(1, 416, 1),
(1, 418, 1),
(1, 452, 1),
(1, 454, 1),
(1, 455, 1),
(1, 457, 1),
(1, 458, 1),
(1, 460, 1),
(1, 461, 1),
(1, 462, 1),
(1, 463, 1),
(1, 465, 1),
(1, 466, 1),
(1, 468, 1),
(1, 469, 1),
(1, 470, 1),
(1, 471, 1),
(1, 472, 1),
(1, 473, 1),
(1, 474, 1),
(1, 475, 1),
(1, 476, 1),
(1, 477, 1),
(1, 478, 1),
(1, 479, 1),
(1, 480, 1),
(1, 481, 1),
(1, 482, 1),
(1, 483, 1),
(1, 485, 1),
(1, 488, 1),
(1, 489, 1),
(1, 490, 1),
(1, 491, 1),
(1, 521, 1),
(1, 547, 1),
(1, 548, 1),
(1, 549, 1),
(1, 550, 1),
(1, 551, 1),
(1, 552, 1),
(1, 553, 0),
(8, 554, 1),
(8, 556, 1),
(9, 558, 1),
(9, 557, 1),
(8, 559, 1),
(8, 560, 1),
(8, 561, 1),
(8, 562, 1),
(8, 563, 1),
(8, 564, 1),
(8, 567, 1),
(8, 571, 1),
(8, 4, 1),
(8, 5, 1),
(8, 553, 0),
(8, 570, 1),
(9, 568, 1),
(9, 569, 1),
(8, 552, 1);

--
-- ダンプしたテーブルのインデックス
--

--
-- テーブルのインデックス `community`
--
ALTER TABLE `community`
  ADD PRIMARY KEY (`communityID`);

--
-- テーブルのインデックス `report`
--
ALTER TABLE `report`
  ADD PRIMARY KEY (`reportID`);

--
-- テーブルのインデックス `research`
--
ALTER TABLE `research`
  ADD PRIMARY KEY (`researchID`);

--
-- テーブルのインデックス `search`
--
ALTER TABLE `search`
  ADD PRIMARY KEY (`researchID`);

--
-- テーブルのインデックス `user`
--
ALTER TABLE `user`
  ADD PRIMARY KEY (`userID`);

--
-- ダンプしたテーブルのAUTO_INCREMENT
--

--
-- テーブルのAUTO_INCREMENT `community`
--
ALTER TABLE `community`
  MODIFY `communityID` int(11) NOT NULL AUTO_INCREMENT, AUTO_INCREMENT=8;

--
-- テーブルのAUTO_INCREMENT `report`
--
ALTER TABLE `report`
  MODIFY `reportID` int(11) NOT NULL AUTO_INCREMENT, AUTO_INCREMENT=573;

--
-- テーブルのAUTO_INCREMENT `research`
--
ALTER TABLE `research`
  MODIFY `researchID` int(11) NOT NULL AUTO_INCREMENT, AUTO_INCREMENT=7;

--
-- テーブルのAUTO_INCREMENT `user`
--
ALTER TABLE `user`
  MODIFY `userID` int(11) NOT NULL AUTO_INCREMENT, AUTO_INCREMENT=10;
COMMIT;

/*!40101 SET CHARACTER_SET_CLIENT=@OLD_CHARACTER_SET_CLIENT */;
/*!40101 SET CHARACTER_SET_RESULTS=@OLD_CHARACTER_SET_RESULTS */;
/*!40101 SET COLLATION_CONNECTION=@OLD_COLLATION_CONNECTION */;
